order_id,lat,lon,created_at,weight_kg,priority
ORD-00001,21.019707,105.81875,2025-03-12T21:14:00,1.37,normal
ORD-00002,21.020564,105.844765,2025-01-24T03:02:00,0.53,normal
ORD-00003,21.010351,105.836061,2025-05-24T20:45:00,5.3,express
ORD-00004,21.01007,105.835678,2025-01-02T19:44:00,3.55,express
ORD-00005,21.008576,105.846716,2025-03-28T17:05:00,3.23,express
ORD-00006,21.024492,105.836112,2025-01-13T04:34:00,1.26,express
ORD-00007,21.006812,105.826795,2025-06-11T01:36:00,1.78,normal
ORD-00008,21.006054,105.824837,2025-03-16T16:54:00,2.09,normal
ORD-00009,21.013743,105.831602,2025-04-04T19:23:00,3.04,express
ORD-00010,21.021142,105.838506,2025-01-19T19:34:00,5.91,normal
ORD-00011,21.015632,105.826098,2025-06-13T21:43:00,2.8,normal
ORD-00012,21.010268,105.818963,2025-03-23T02:17:00,0.81,express
ORD-00013,21.00989,105.832977,2025-06-15T04:09:00,2.34,normal
ORD-00014,21.022135,105.834169,2025-05-31T03:57:00,4.79,express
ORD-00015,21.010044,105.847926,2025-05-12T05:05:00,6.12,normal
ORD-00016,21.008515,105.822799,2025-06-25T03:38:00,0.79,express
ORD-00017,21.018705,105.832041,2025-03-06T14:43:00,5.85,express
ORD-00018,21.022678,105.828205,2025-03-18T03:10:00,3.79,express
ORD-00019,21.027353,105.840859,2025-05-10T17:55:00,5.11,normal
ORD-00020,21.008515,105.840875,2025-05-20T06:58:00,0.3,express
ORD-00021,21.016238,105.821356,2025-04-03T23:15:00,0.75,normal
ORD-00022,21.00697,105.83258,2025-01-18T18:08:00,5.38,normal
ORD-00023,21.011096,105.844173,2025-04-19T20:59:00,4.45,normal
ORD-00024,21.021398,105.82997,2025-06-22T01:28:00,7.23,express
ORD-00025,21.007783,105.824741,2025-03-28T14:37:00,4.57,normal
ORD-00026,21.005165,105.839235,2025-01-16T21:04:00,7.27,express
ORD-00027,21.00663,105.82514,2025-06-22T05:13:00,4.45,express
ORD-00028,21.010589,105.832189,2025-04-15T20:06:00,1.05,express
ORD-00029,21.013149,105.830333,2025-01-14T17:03:00,3.4,express
ORD-00030,21.023414,105.821278,2025-02-19T20:34:00,3.75,express
ORD-00031,21.00922,105.831879,2025-01-21T04:51:00,6.93,normal
ORD-00032,21.006164,105.847978,2025-01-04T16:59:00,6.1,normal
ORD-00033,21.008825,105.832569,2025-02-25T02:57:00,0.75,express
ORD-00034,21.00505,105.829713,2025-04-27T23:27:00,5.66,express
ORD-00035,21.00856,105.826901,2025-01-15T15:47:00,2.71,normal
ORD-00036,21.018436,105.833086,2025-05-16T19:03:00,7.7,normal
ORD-00037,21.024581,105.820056,2025-01-18T21:25:00,1.22,normal
ORD-00038,21.018315,105.819192,2025-01-22T03:42:00,4.79,express
ORD-00039,21.026498,105.824128,2025-03-22T21:16:00,3.35,express
ORD-00040,21.015516,105.845871,2025-01-19T14:29:00,5.08,normal
ORD-00041,21.006685,105.824395,2025-03-09T18:59:00,2.99,normal
ORD-00042,21.025223,105.829086,2025-02-11T04:53:00,4.48,express
ORD-00043,21.019069,105.847617,2025-06-18T06:00:00,5.44,express
ORD-00044,21.02643,105.821108,2025-02-04T22:07:00,7.15,normal
ORD-00045,21.011264,105.836145,2025-03-29T20:43:00,5.18,express
ORD-00046,21.016624,105.825534,2025-01-14T16:40:00,3.56,express
ORD-00047,21.006014,105.828007,2025-02-03T22:10:00,6.01,express
ORD-00048,21.017901,105.821356,2025-06-26T18:34:00,0.58,express
ORD-00049,21.018398,105.822443,2025-02-02T15:19:00,3.11,normal
ORD-00050,21.025675,105.824302,2025-03-05T17:22:00,6.31,express
ORD-00051,21.027398,105.840484,2025-03-02T19:51:00,6.54,express
ORD-00052,21.00557,105.840097,2025-03-28T03:51:00,5.46,normal
ORD-00053,21.011137,105.841621,2025-01-29T02:55:00,0.6,express
ORD-00054,21.010116,105.842498,2025-04-29T01:19:00,6.62,normal
ORD-00055,21.010127,105.837801,2025-04-14T00:17:00,6.96,express
ORD-00056,21.013076,105.833282,2025-06-24T00:01:00,1.19,express
ORD-00057,21.009107,105.846876,2025-03-09T15:06:00,4.89,express
ORD-00058,21.021757,105.82741,2025-06-06T06:07:00,3.27,normal
ORD-00059,21.010859,105.839264,2025-01-02T06:59:00,6.51,normal
ORD-00060,21.013377,105.820099,2025-06-21T00:39:00,2.72,normal
ORD-00061,21.021554,105.82701,2025-03-22T03:20:00,3.4,express
ORD-00062,21.017751,105.823755,2025-06-21T02:43:00,6.06,normal
ORD-00063,21.019157,105.827028,2025-05-21T14:19:00,2.51,express
ORD-00064,21.023072,105.8362,2025-03-25T04:28:00,3.7,normal
ORD-00065,21.016757,105.841812,2025-02-13T16:18:00,4.27,express
ORD-00066,21.007148,105.84656,2025-03-02T23:14:00,6.51,normal
ORD-00067,21.005562,105.825345,2025-05-02T16:29:00,3.49,normal
ORD-00068,21.021522,105.829519,2025-04-13T21:09:00,5.35,normal
ORD-00069,21.025531,105.843813,2025-01-29T03:14:00,1.65,express
ORD-00070,21.006155,105.825476,2025-02-02T04:08:00,6.47,express
ORD-00071,21.026851,105.844743,2025-06-07T06:27:00,6.7,express
ORD-00072,21.025636,105.84031,2025-05-03T04:16:00,6.09,express
ORD-00073,21.022614,105.833639,2025-06-10T21:17:00,3.69,express
ORD-00074,21.010393,105.828075,2025-05-19T16:08:00,1.46,express
ORD-00075,21.020961,105.839193,2025-01-18T03:26:00,2.85,express
ORD-00076,21.014563,105.824205,2025-04-19T02:57:00,6.23,normal
ORD-00077,21.024705,105.840968,2025-04-09T05:00:00,7.56,express
ORD-00078,21.02233,105.843603,2025-04-18T21:31:00,1.99,express
ORD-00079,21.01617,105.829666,2025-06-22T02:46:00,1.57,express
ORD-00080,21.026149,105.847422,2025-05-17T14:58:00,3.33,normal
ORD-00081,21.006931,105.830858,2025-04-29T19:03:00,2.3,express
ORD-00082,21.009868,105.827805,2025-04-08T22:48:00,7.62,express
ORD-00083,21.010802,105.820457,2025-01-05T15:22:00,2.03,normal
ORD-00084,21.022968,105.837553,2025-01-08T21:12:00,6.76,normal
ORD-00085,21.010487,105.832207,2025-01-30T20:29:00,5.69,express
ORD-00086,21.008859,105.836217,2025-01-30T19:19:00,1.13,normal
ORD-00087,21.026364,105.835274,2025-04-08T02:45:00,1.83,normal
ORD-00088,21.007344,105.841174,2025-06-25T17:50:00,7.88,normal
ORD-00089,21.012986,105.830851,2025-04-05T16:32:00,5.29,normal
ORD-00090,21.02454,105.84267,2025-01-29T03:23:00,5.19,express
ORD-00091,21.021268,105.831065,2025-05-14T22:39:00,6.52,express
ORD-00092,21.015692,105.842772,2025-06-01T22:20:00,6.86,normal
ORD-00093,21.011415,105.831524,2025-04-30T02:21:00,0.52,express
ORD-00094,21.009182,105.824364,2025-03-09T00:17:00,7.08,express
ORD-00095,21.017783,105.833499,2025-02-18T16:15:00,5.84,express
ORD-00096,21.017769,105.82521,2025-05-03T05:28:00,6.41,normal
ORD-00097,21.011767,105.830132,2025-03-04T23:42:00,4.78,express
ORD-00098,21.01773,105.828313,2025-05-22T00:22:00,5.71,express
ORD-00099,21.012052,105.824916,2025-02-20T00:07:00,6.02,normal
ORD-00100,21.009405,105.840158,2025-03-13T06:38:00,2.48,normal
ORD-00101,21.02415,105.826887,2025-04-03T19:19:00,0.41,normal
ORD-00102,21.011309,105.847229,2025-05-22T23:44:00,7.57,express
ORD-00103,21.00736,105.818368,2025-03-15T05:30:00,3.69,normal
ORD-00104,21.027206,105.825574,2025-05-03T17:52:00,0.8,express
ORD-00105,21.006704,105.836883,2025-01-14T18:09:00,6.55,express
ORD-00106,21.006959,105.825446,2025-05-24T03:38:00,4.89,normal
ORD-00107,21.022841,105.829411,2025-04-24T23:55:00,4.83,express
ORD-00108,21.012024,105.836631,2025-06-06T17:48:00,1.9,normal
ORD-00109,21.011087,105.820436,2025-03-03T19:35:00,0.88,normal
ORD-00110,21.014396,105.838681,2025-05-01T23:02:00,2.08,express
ORD-00111,21.021169,105.831621,2025-06-25T21:59:00,2.34,normal
ORD-00112,21.014778,105.834337,2025-06-15T18:58:00,2.35,normal
ORD-00113,21.006642,105.822978,2025-03-20T23:28:00,1.26,express
ORD-00114,21.021094,105.84628,2025-05-10T05:28:00,0.92,normal
ORD-00115,21.025457,105.840036,2025-06-04T22:01:00,1.0,normal
ORD-00116,21.02799,105.838168,2025-03-10T15:48:00,6.12,express
ORD-00117,21.016936,105.831267,2025-03-13T19:37:00,3.66,express
ORD-00118,21.027288,105.8321,2025-04-16T00:20:00,5.46,normal
ORD-00119,21.012585,105.83881,2025-03-16T02:52:00,6.16,normal
ORD-00120,21.015461,105.827436,2025-03-24T17:49:00,3.41,normal
ORD-00121,21.020126,105.834278,2025-04-16T15:12:00,4.29,express
ORD-00122,21.019384,105.8408,2025-02-22T22:35:00,1.31,express
ORD-00123,21.015077,105.838948,2025-02-01T14:40:00,4.99,normal
ORD-00124,21.021325,105.827323,2025-01-05T03:05:00,2.03,normal
ORD-00125,21.015613,105.821524,2025-02-10T05:59:00,5.82,express
ORD-00126,21.014556,105.832475,2025-05-01T21:29:00,4.54,express
ORD-00127,21.009384,105.835981,2025-02-04T16:17:00,6.25,express
ORD-00128,21.012817,105.841632,2025-03-10T14:18:00,5.89,express
ORD-00129,21.024901,105.831396,2025-05-05T01:21:00,4.55,express
ORD-00130,21.015473,105.827653,2025-02-18T21:36:00,3.25,express
ORD-00131,21.006004,105.840341,2025-07-01T02:24:00,7.91,normal
ORD-00132,21.016393,105.819111,2025-05-10T00:55:00,1.07,express
ORD-00133,21.007293,105.845313,2025-01-04T18:26:00,7.01,normal
ORD-00134,21.006721,105.841446,2025-03-10T00:39:00,5.63,normal
ORD-00135,21.024591,105.84357,2025-05-18T02:20:00,5.13,express
ORD-00136,21.025065,105.819077,2025-01-18T21:40:00,5.57,express
ORD-00137,21.027941,105.840403,2025-04-22T17:48:00,5.18,normal
ORD-00138,21.015205,105.83882,2025-01-08T15:20:00,6.43,express
ORD-00139,21.013245,105.830921,2025-03-05T06:26:00,4.66,normal
ORD-00140,21.00891,105.820369,2025-04-08T21:31:00,7.33,normal
ORD-00141,21.01034,105.837137,2025-04-28T22:42:00,0.37,express
ORD-00142,21.025728,105.838328,2025-02-10T16:28:00,7.58,express
ORD-00143,21.019696,105.830729,2025-03-07T04:54:00,2.63,express
ORD-00144,21.024627,105.8212,2025-04-09T01:36:00,2.58,express
ORD-00145,21.005505,105.842901,2025-04-12T22:00:00,4.66,normal
ORD-00146,21.025944,105.840355,2025-03-15T21:38:00,6.47,normal
ORD-00147,21.019642,105.836627,2025-06-23T18:40:00,1.05,normal
ORD-00148,21.012105,105.831225,2025-05-30T01:46:00,1.31,express
ORD-00149,21.012515,105.830465,2025-02-21T18:50:00,4.45,express
ORD-00150,21.01721,105.845405,2025-02-12T22:58:00,6.65,express
ORD-00151,21.02725,105.826854,2025-03-28T17:29:00,7.71,normal
ORD-00152,21.022345,105.824768,2025-06-24T02:54:00,6.5,express
ORD-00153,21.007077,105.829837,2025-03-09T17:29:00,3.14,express
ORD-00154,21.018445,105.842673,2025-04-06T17:43:00,2.1,normal
ORD-00155,21.01925,105.846295,2025-03-25T21:41:00,0.79,express
ORD-00156,21.025916,105.827066,2025-04-15T17:08:00,0.65,normal
ORD-00157,21.012,105.832779,2025-01-25T21:56:00,4.44,express
ORD-00158,21.015434,105.838115,2025-06-29T03:37:00,6.02,normal
ORD-00159,21.025365,105.837648,2025-05-07T03:17:00,0.55,express
ORD-00160,21.009997,105.831341,2025-03-03T01:06:00,7.85,express
ORD-00161,21.017523,105.847335,2025-04-02T15:25:00,2.42,normal
ORD-00162,21.026827,105.842726,2025-01-24T20:41:00,5.22,normal
ORD-00163,21.006163,105.828005,2025-02-02T20:04:00,6.69,normal
ORD-00164,21.018487,105.842392,2025-03-02T00:49:00,1.44,normal
ORD-00165,21.011377,105.847521,2025-02-03T22:51:00,1.64,normal
ORD-00166,21.008031,105.828747,2025-03-03T00:01:00,1.64,normal
ORD-00167,21.007915,105.830629,2025-01-30T16:30:00,3.75,express
ORD-00168,21.016804,105.821272,2025-05-09T21:39:00,0.63,express
ORD-00169,21.015535,105.846921,2025-01-17T05:54:00,3.39,normal
ORD-00170,21.016276,105.845291,2025-01-19T16:20:00,4.98,normal
ORD-00171,21.007902,105.83673,2025-05-31T00:24:00,7.96,express
ORD-00172,21.015435,105.836163,2025-01-26T17:54:00,5.34,normal
ORD-00173,21.014892,105.844643,2025-04-17T00:52:00,3.79,express
ORD-00174,21.021781,105.827376,2025-03-22T22:23:00,7.64,express
ORD-00175,21.006544,105.842953,2025-01-25T03:06:00,6.03,express
ORD-00176,21.023671,105.834691,2025-06-01T00:42:00,1.24,express
ORD-00177,21.025093,105.846234,2025-04-19T15:18:00,4.92,express
ORD-00178,21.007383,105.833222,2025-02-10T05:14:00,6.82,express
ORD-00179,21.024444,105.829027,2025-03-13T21:51:00,3.6,normal
ORD-00180,21.019007,105.837735,2025-06-27T22:01:00,1.69,express
ORD-00181,21.026195,105.828531,2025-02-16T18:36:00,5.36,normal
ORD-00182,21.008263,105.836995,2025-01-08T16:47:00,4.38,express
ORD-00183,21.014656,105.828227,2025-04-05T23:46:00,2.8,normal
ORD-00184,21.025317,105.822667,2025-06-08T15:43:00,0.93,express
ORD-00185,21.020225,105.83257,2025-04-25T03:17:00,1.96,normal
ORD-00186,21.012939,105.821327,2025-06-24T05:33:00,5.44,normal
ORD-00187,21.010072,105.847533,2025-01-15T14:13:00,2.62,normal
ORD-00188,21.022649,105.840925,2025-03-17T00:07:00,0.36,express
ORD-00189,21.009041,105.829406,2025-06-30T21:32:00,4.6,express
ORD-00190,21.006658,105.843853,2025-01-12T03:01:00,3.84,normal
ORD-00191,21.024829,105.835273,2025-05-28T02:45:00,5.23,express
ORD-00192,21.007649,105.818626,2025-03-25T19:51:00,7.6,express
ORD-00193,21.024137,105.845593,2025-01-24T03:54:00,1.12,express
ORD-00194,21.018544,105.833719,2025-04-12T23:47:00,2.91,express
ORD-00195,21.02292,105.820291,2025-06-12T17:33:00,4.23,express
ORD-00196,21.013075,105.846747,2025-06-15T18:15:00,1.09,express
ORD-00197,21.009537,105.836072,2025-06-17T16:11:00,7.62,express
ORD-00198,21.015671,105.834912,2025-05-30T04:43:00,7.42,express
ORD-00199,21.024878,105.836817,2025-02-09T04:04:00,3.91,express
ORD-00200,21.023316,105.835743,2025-04-02T06:04:00,2.69,express
ORD-00201,21.005865,105.829062,2025-03-15T16:41:00,6.95,normal
ORD-00202,21.019145,105.833212,2025-04-29T15:28:00,7.3,normal
ORD-00203,21.012395,105.832269,2025-02-08T15:28:00,1.1,express
ORD-00204,21.027595,105.82053,2025-06-15T19:02:00,2.21,express
ORD-00205,21.027793,105.833722,2025-06-06T19:23:00,3.17,express
ORD-00206,21.013911,105.841234,2025-06-23T15:50:00,5.16,express
ORD-00207,21.006516,105.820835,2025-06-24T02:18:00,2.24,normal
ORD-00208,21.012667,105.835482,2025-02-07T01:19:00,7.75,express
ORD-00209,21.007966,105.839265,2025-01-22T23:35:00,3.2,express
ORD-00210,21.023703,105.838103,2025-06-26T06:05:00,5.27,express
ORD-00211,21.016695,105.818547,2025-03-21T19:13:00,2.93,express
ORD-00212,21.009416,105.847999,2025-02-09T16:18:00,6.8,normal
ORD-00213,21.016677,105.834193,2025-05-15T15:42:00,2.89,normal
ORD-00214,21.018737,105.822628,2025-02-16T19:46:00,3.67,express
ORD-00215,21.013379,105.839588,2025-04-24T23:48:00,6.06,express
ORD-00216,21.010382,105.825175,2025-05-01T20:23:00,5.52,express
ORD-00217,21.015619,105.826453,2025-04-09T06:33:00,3.52,normal
ORD-00218,21.023788,105.842038,2025-02-05T22:03:00,5.24,express
ORD-00219,21.017754,105.821078,2025-05-13T17:18:00,0.95,normal
ORD-00220,21.011274,105.845159,2025-02-08T03:05:00,7.59,normal
ORD-00221,21.023784,105.844539,2025-01-08T03:03:00,3.35,express
ORD-00222,21.010423,105.847836,2025-04-06T21:01:00,2.75,normal
ORD-00223,21.024301,105.837499,2025-02-07T18:02:00,2.51,express
ORD-00224,21.02101,105.822164,2025-07-01T05:28:00,5.04,normal
ORD-00225,21.005437,105.82447,2025-02-09T06:27:00,1.16,express
ORD-00226,21.010466,105.821655,2025-03-04T03:40:00,6.41,express
ORD-00227,21.006445,105.843101,2025-05-08T14:40:00,4.27,normal
ORD-00228,21.021527,105.826738,2025-01-02T01:15:00,4.69,normal
ORD-00229,21.020281,105.820568,2025-04-03T16:33:00,4.49,normal
ORD-00230,21.01398,105.832104,2025-06-13T02:23:00,2.25,normal
ORD-00231,21.013213,105.820027,2025-03-03T17:49:00,4.78,express
ORD-00232,21.008068,105.828569,2025-03-28T19:53:00,6.3,express
ORD-00233,21.027559,105.832356,2025-02-16T18:04:00,5.81,express
ORD-00234,21.005851,105.824048,2025-02-21T15:20:00,7.49,express
ORD-00235,21.02775,105.834291,2025-03-06T15:48:00,5.28,express
ORD-00236,21.01321,105.841425,2025-06-18T00:17:00,1.26,express
ORD-00237,21.01505,105.830001,2025-04-24T02:21:00,7.8,express
ORD-00238,21.020918,105.82902,2025-05-13T22:51:00,0.94,express
ORD-00239,21.006815,105.836074,2025-02-16T23:20:00,1.09,express
ORD-00240,21.020201,105.827195,2025-06-05T03:10:00,5.61,express
ORD-00241,21.015284,105.839804,2025-04-02T03:17:00,5.22,normal
ORD-00242,21.006726,105.837125,2025-04-05T06:51:00,6.07,normal
ORD-00243,21.026914,105.822283,2025-06-06T04:02:00,1.27,normal
ORD-00244,21.022906,105.82899,2025-04-09T15:38:00,1.48,express
ORD-00245,21.026823,105.82916,2025-01-20T18:33:00,3.13,express
ORD-00246,21.01994,105.825488,2025-01-30T14:47:00,1.73,express
ORD-00247,21.026011,105.821533,2025-03-09T04:13:00,7.97,express
ORD-00248,21.020962,105.847959,2025-02-21T17:08:00,6.87,express
ORD-00249,21.008971,105.839401,2025-01-24T00:42:00,2.98,normal
ORD-00250,21.01765,105.826711,2025-03-18T19:45:00,5.76,normal
ORD-00251,21.023255,105.833263,2025-02-01T20:50:00,1.37,express
ORD-00252,21.005605,105.834621,2025-04-06T04:51:00,7.87,normal
ORD-00253,21.019075,105.820586,2025-03-22T02:45:00,5.84,express
ORD-00254,21.022691,105.8427,2025-01-19T18:20:00,5.25,express
ORD-00255,21.015714,105.833521,2025-02-02T19:49:00,7.74,express
ORD-00256,21.016566,105.844046,2025-02-02T06:09:00,2.64,normal
ORD-00257,21.012421,105.83928,2025-03-31T06:57:00,2.49,normal
ORD-00258,21.010764,105.837052,2025-05-22T22:08:00,5.11,normal
ORD-00259,21.016559,105.823059,2025-05-29T18:10:00,5.37,express
ORD-00260,21.024378,105.834909,2025-01-08T16:02:00,7.6,express
ORD-00261,21.019976,105.841009,2025-04-17T14:31:00,7.15,express
ORD-00262,21.019764,105.827063,2025-03-05T02:19:00,3.79,normal
ORD-00263,21.008636,105.830469,2025-04-29T20:21:00,4.97,express
ORD-00264,21.024814,105.827579,2025-03-31T02:08:00,6.16,normal
ORD-00265,21.01234,105.831994,2025-03-11T04:15:00,1.38,normal
ORD-00266,21.011675,105.829524,2025-06-08T03:15:00,7.71,normal
ORD-00267,21.02371,105.846013,2025-03-22T20:48:00,1.53,express
ORD-00268,21.016471,105.827256,2025-01-06T16:25:00,4.19,normal
ORD-00269,21.009948,105.828587,2025-01-13T23:31:00,4.9,express
ORD-00270,21.011572,105.818245,2025-01-29T03:08:00,7.09,express
ORD-00271,21.022569,105.828978,2025-04-13T15:36:00,4.63,express
ORD-00272,21.017724,105.820206,2025-05-11T04:48:00,4.53,normal
ORD-00273,21.007959,105.8209,2025-04-07T00:35:00,7.53,normal
ORD-00274,21.009578,105.833274,2025-05-09T15:02:00,0.6,express
ORD-00275,21.023491,105.83358,2025-02-09T06:08:00,2.83,express
ORD-00276,21.008738,105.847718,2025-03-19T00:32:00,6.68,express
ORD-00277,21.021301,105.826994,2025-01-06T01:21:00,5.49,express
ORD-00278,21.018425,105.841903,2025-06-26T14:38:00,3.95,normal
ORD-00279,21.021592,105.835506,2025-02-14T06:40:00,5.85,express
ORD-00280,21.008399,105.838422,2025-01-09T17:12:00,0.45,express
ORD-00281,21.014632,105.830389,2025-02-23T03:32:00,6.27,express
ORD-00282,21.025075,105.840075,2025-01-16T18:33:00,1.9,express
ORD-00283,21.027957,105.832351,2025-04-08T00:11:00,3.84,express
ORD-00284,21.017564,105.838276,2025-06-24T22:39:00,4.03,normal
ORD-00285,21.011417,105.826955,2025-03-18T23:45:00,1.9,express
ORD-00286,21.012292,105.828464,2025-03-12T23:07:00,4.72,express
ORD-00287,21.025602,105.829836,2025-03-30T18:18:00,0.62,normal
ORD-00288,21.012966,105.831271,2025-03-08T05:13:00,1.86,express
ORD-00289,21.02646,105.838885,2025-02-05T17:39:00,6.0,normal
ORD-00290,21.010577,105.838095,2025-05-16T21:40:00,2.09,normal
ORD-00291,21.014506,105.839521,2025-01-26T18:00:00,7.73,normal
ORD-00292,21.014359,105.846051,2025-05-03T05:41:00,1.84,express
ORD-00293,21.012387,105.837377,2025-01-23T21:34:00,5.99,normal
ORD-00294,21.026004,105.823252,2025-02-15T15:53:00,3.36,express
ORD-00295,21.009285,105.84047,2025-03-16T15:00:00,2.6,normal
ORD-00296,21.026354,105.828051,2025-04-28T06:31:00,7.15,normal
ORD-00297,21.024574,105.832041,2025-02-19T17:21:00,1.55,express
ORD-00298,21.019911,105.839558,2025-01-05T00:50:00,2.57,normal
ORD-00299,21.009036,105.843684,2025-04-15T03:32:00,2.83,express
ORD-00300,21.020393,105.823543,2025-02-06T05:20:00,7.51,normal
ORD-00301,21.010998,105.825066,2025-03-11T00:19:00,4.78,normal
ORD-00302,21.011016,105.828787,2025-03-02T15:42:00,1.21,express
ORD-00303,21.008673,105.838582,2025-06-30T23:44:00,1.2,express
ORD-00304,21.013454,105.824625,2025-02-05T05:09:00,3.8,express
ORD-00305,21.014564,105.834477,2025-05-01T20:48:00,2.21,normal
ORD-00306,21.017087,105.833845,2025-04-03T16:58:00,4.64,normal
ORD-00307,21.024062,105.845087,2025-02-21T18:10:00,2.83,express
ORD-00308,21.007674,105.824162,2025-05-31T05:05:00,7.22,express
ORD-00309,21.0236,105.831603,2025-05-13T03:29:00,4.64,express
ORD-00310,21.020474,105.827245,2025-01-07T02:16:00,6.59,normal
ORD-00311,21.018301,105.819359,2025-03-30T16:34:00,7.95,normal
ORD-00312,21.027681,105.832162,2025-03-16T03:11:00,6.22,express
ORD-00313,21.013613,105.84474,2025-04-26T02:24:00,0.92,normal
ORD-00314,21.020031,105.828433,2025-02-16T02:33:00,1.28,normal
ORD-00315,21.024201,105.840685,2025-03-19T04:43:00,5.84,express
ORD-00316,21.017234,105.842701,2025-03-06T04:22:00,1.49,normal
ORD-00317,21.02656,105.839751,2025-01-29T15:51:00,5.38,normal
ORD-00318,21.010535,105.820019,2025-06-02T15:28:00,4.9,normal
ORD-00319,21.010629,105.819327,2025-04-23T21:34:00,1.97,normal
ORD-00320,21.008223,105.847805,2025-03-02T00:36:00,4.9,express
ORD-00321,21.010449,105.844288,2025-06-20T06:14:00,3.48,express
ORD-00322,21.006402,105.846456,2025-02-15T03:35:00,4.12,express
ORD-00323,21.026656,105.83814,2025-05-16T00:44:00,3.51,normal
ORD-00324,21.011897,105.823516,2025-05-19T05:15:00,6.84,express
ORD-00325,21.024723,105.822331,2025-04-29T15:35:00,3.48,express
ORD-00326,21.017818,105.822023,2025-03-04T22:13:00,2.84,normal
ORD-00327,21.026211,105.843414,2025-01-24T20:03:00,2.37,normal
ORD-00328,21.025093,105.823645,2025-05-31T20:30:00,1.91,express
ORD-00329,21.011973,105.84527,2025-02-24T20:47:00,1.2,express
ORD-00330,21.026032,105.838869,2025-06-30T20:25:00,7.35,express
ORD-00331,21.022837,105.82942,2025-05-18T01:19:00,2.31,express
ORD-00332,21.015718,105.842084,2025-05-02T00:58:00,1.86,express
ORD-00333,21.01452,105.834876,2025-02-26T18:01:00,2.31,express
ORD-00334,21.011789,105.823886,2025-03-01T02:36:00,6.72,express
ORD-00335,21.017665,105.846304,2025-03-28T22:48:00,6.63,express
ORD-00336,21.015599,105.839983,2025-04-01T19:08:00,5.85,express
ORD-00337,21.009233,105.844681,2025-06-14T15:33:00,0.56,normal
ORD-00338,21.026739,105.838046,2025-01-03T03:08:00,6.79,normal
ORD-00339,21.006563,105.822531,2025-02-26T06:29:00,3.17,express
ORD-00340,21.020164,105.818472,2025-05-18T03:00:00,0.43,express
ORD-00341,21.017322,105.826601,2025-05-10T03:51:00,7.54,normal
ORD-00342,21.007461,105.820889,2025-02-08T21:12:00,5.07,express
ORD-00343,21.02375,105.82602,2025-04-12T16:23:00,7.69,express
ORD-00344,21.017995,105.847707,2025-02-27T23:43:00,6.68,normal
ORD-00345,21.020036,105.843747,2025-01-09T16:25:00,3.22,express
ORD-00346,21.006291,105.818284,2025-02-13T16:31:00,6.81,express
ORD-00347,21.018015,105.843739,2025-01-26T06:58:00,0.63,normal
ORD-00348,21.025729,105.838769,2025-05-27T05:17:00,0.66,normal
ORD-00349,21.020742,105.826411,2025-05-20T15:11:00,7.45,express
ORD-00350,21.00536,105.824215,2025-02-07T02:59:00,0.89,normal
ORD-00351,21.017971,105.835001,2025-04-11T00:24:00,6.12,normal
ORD-00352,21.023181,105.838679,2025-01-22T06:47:00,7.8,normal
ORD-00353,21.007247,105.824964,2025-01-21T00:38:00,6.22,express
ORD-00354,21.027285,105.827791,2025-06-12T22:50:00,7.94,express
ORD-00355,21.010247,105.834591,2025-04-08T03:11:00,5.53,express
ORD-00356,21.006971,105.836558,2025-03-05T16:05:00,2.36,express
ORD-00357,21.021369,105.837017,2025-04-11T00:23:00,1.12,normal
ORD-00358,21.026688,105.831342,2025-03-11T17:08:00,0.97,express
ORD-00359,21.015323,105.834642,2025-04-15T17:01:00,0.99,normal
ORD-00360,21.018729,105.841533,2025-04-09T14:18:00,3.49,normal
ORD-00361,21.021671,105.834786,2025-03-05T06:10:00,5.58,normal
ORD-00362,21.008193,105.827034,2025-05-07T18:04:00,1.59,express
ORD-00363,21.014685,105.832527,2025-01-21T01:16:00,7.57,express
ORD-00364,21.018658,105.823866,2025-01-28T18:19:00,0.35,express
ORD-00365,21.012641,105.836606,2025-03-27T04:21:00,3.62,normal
ORD-00366,21.01191,105.836096,2025-06-27T20:30:00,2.72,express
ORD-00367,21.027281,105.826743,2025-06-28T05:36:00,6.32,express
ORD-00368,21.013649,105.842495,2025-04-12T01:07:00,7.48,normal
ORD-00369,21.018621,105.834369,2025-06-24T14:46:00,3.85,normal
ORD-00370,21.015084,105.82674,2025-06-27T16:52:00,6.83,express
ORD-00371,21.020478,105.822175,2025-03-19T21:16:00,5.37,express
ORD-00372,21.023149,105.820219,2025-06-04T05:37:00,3.39,express
ORD-00373,21.017504,105.841722,2025-04-03T16:06:00,6.22,express
ORD-00374,21.008826,105.83638,2025-05-26T02:48:00,2.85,express
ORD-00375,21.007437,105.820958,2025-02-27T06:47:00,4.29,normal
ORD-00376,21.015253,105.829734,2025-06-24T06:09:00,2.96,normal
ORD-00377,21.016104,105.826863,2025-01-22T17:53:00,7.54,normal
ORD-00378,21.013012,105.828292,2025-02-23T06:30:00,2.98,normal
ORD-00379,21.015078,105.838903,2025-03-23T16:19:00,0.64,normal
ORD-00380,21.005519,105.828292,2025-01-28T19:59:00,7.88,normal
ORD-00381,21.016868,105.834557,2025-03-27T03:29:00,2.09,express
ORD-00382,21.019484,105.823592,2025-06-19T03:25:00,0.52,normal
ORD-00383,21.01534,105.830887,2025-01-02T20:13:00,2.44,normal
ORD-00384,21.018279,105.841985,2025-05-18T19:23:00,2.81,express
ORD-00385,21.007621,105.838121,2025-05-07T06:40:00,2.71,express
ORD-00386,21.01906,105.83561,2025-04-01T01:54:00,3.83,normal
ORD-00387,21.023716,105.83918,2025-03-18T16:43:00,1.33,normal
ORD-00388,21.010487,105.821508,2025-04-06T18:32:00,3.29,normal
ORD-00389,21.018221,105.830691,2025-05-05T19:35:00,1.58,express
ORD-00390,21.008227,105.827437,2025-04-26T15:55:00,3.06,normal
ORD-00391,21.016146,105.823854,2025-04-10T06:41:00,4.11,express
ORD-00392,21.01456,105.843197,2025-05-06T19:05:00,4.65,normal
ORD-00393,21.011718,105.826246,2025-05-18T23:10:00,6.31,express
ORD-00394,21.017644,105.821396,2025-01-30T22:49:00,4.48,express
ORD-00395,21.017467,105.840704,2025-04-23T20:27:00,1.09,normal
ORD-00396,21.011847,105.847979,2025-04-26T22:22:00,6.94,normal
ORD-00397,21.015099,105.847819,2025-03-02T20:51:00,5.98,express
ORD-00398,21.024804,105.836308,2025-04-20T19:39:00,1.37,normal
ORD-00399,21.023711,105.842163,2025-05-27T01:34:00,2.46,normal
ORD-00400,21.012444,105.839122,2025-03-16T22:54:00,4.26,normal
ORD-00401,21.008119,105.840503,2025-04-16T15:17:00,6.98,normal
ORD-00402,21.021133,105.821981,2025-02-08T00:53:00,2.21,express
ORD-00403,21.016258,105.835323,2025-03-11T03:24:00,3.78,normal
ORD-00404,21.014266,105.840494,2025-06-28T01:29:00,7.62,express
ORD-00405,21.018385,105.844067,2025-01-25T04:40:00,5.41,express
ORD-00406,21.024552,105.84187,2025-04-12T20:27:00,6.65,express
ORD-00407,21.011176,105.84285,2025-03-28T18:36:00,6.86,express
ORD-00408,21.025566,105.840868,2025-01-12T17:40:00,6.34,express
ORD-00409,21.005374,105.845883,2025-02-11T04:29:00,0.31,express
ORD-00410,21.009653,105.838658,2025-02-03T23:10:00,7.03,express
ORD-00411,21.007147,105.828813,2025-01-23T01:42:00,7.26,normal
ORD-00412,21.006191,105.836768,2025-06-29T21:27:00,5.35,normal
ORD-00413,21.005025,105.832304,2025-02-03T21:33:00,5.54,normal
ORD-00414,21.005185,105.828307,2025-02-01T03:44:00,1.32,normal
ORD-00415,21.010266,105.82068,2025-01-27T17:20:00,3.13,express
ORD-00416,21.008154,105.841204,2025-02-04T18:04:00,4.38,normal
ORD-00417,21.019037,105.822923,2025-03-31T20:40:00,6.06,express
ORD-00418,21.01917,105.831272,2025-02-25T16:57:00,1.07,normal
ORD-00419,21.01856,105.829521,2025-04-21T00:50:00,1.38,express
ORD-00420,21.019826,105.825445,2025-06-03T23:49:00,7.55,normal
ORD-00421,21.024502,105.837752,2025-03-19T20:33:00,4.97,normal
ORD-00422,21.0222,105.826866,2025-01-14T21:31:00,3.27,normal
ORD-00423,21.01649,105.835818,2025-05-16T14:23:00,7.49,normal
ORD-00424,21.013897,105.843169,2025-04-19T01:34:00,5.56,express
ORD-00425,21.026952,105.841111,2025-01-05T16:00:00,2.32,normal
ORD-00426,21.026219,105.84646,2025-04-13T06:18:00,5.14,express
ORD-00427,21.014742,105.830068,2025-06-13T18:17:00,0.94,normal
ORD-00428,21.01676,105.824096,2025-02-10T00:25:00,4.82,normal
ORD-00429,21.012134,105.831125,2025-03-03T15:15:00,0.96,express
ORD-00430,21.007668,105.836369,2025-01-15T23:42:00,6.01,normal
ORD-00431,21.007747,105.839237,2025-06-29T14:10:00,4.12,express
ORD-00432,21.017029,105.84149,2025-03-08T19:23:00,1.28,express
ORD-00433,21.021858,105.821542,2025-01-09T00:51:00,3.61,normal
ORD-00434,21.011048,105.847252,2025-06-10T16:31:00,3.81,express
ORD-00435,21.006275,105.843781,2025-02-13T01:10:00,2.26,normal
ORD-00436,21.025568,105.838224,2025-01-30T21:47:00,4.22,normal
ORD-00437,21.02475,105.818369,2025-01-13T05:23:00,3.25,normal
ORD-00438,21.009116,105.84681,2025-01-11T03:14:00,2.78,express
ORD-00439,21.026065,105.827598,2025-01-21T01:07:00,4.17,normal
ORD-00440,21.009125,105.84213,2025-01-13T02:04:00,7.05,express
ORD-00441,21.022791,105.827321,2025-01-24T04:00:00,3.14,express
ORD-00442,21.017968,105.827117,2025-06-09T21:29:00,3.14,express
ORD-00443,21.027949,105.841277,2025-05-20T21:09:00,0.35,express
ORD-00444,21.00555,105.834246,2025-06-12T14:21:00,0.31,express
ORD-00445,21.024527,105.839816,2025-01-27T20:33:00,7.87,express
ORD-00446,21.016317,105.819797,2025-02-06T22:05:00,0.64,normal
ORD-00447,21.025638,105.833593,2025-06-30T01:29:00,7.8,normal
ORD-00448,21.018358,105.833163,2025-06-14T02:04:00,4.86,normal
ORD-00449,21.015005,105.846927,2025-03-02T23:16:00,6.85,express
ORD-00450,21.021117,105.840061,2025-03-24T04:17:00,2.1,normal
ORD-00451,21.008131,105.841104,2025-01-28T18:06:00,1.57,express
ORD-00452,21.012223,105.821622,2025-04-02T20:28:00,2.67,express
ORD-00453,21.024607,105.820713,2025-06-25T23:52:00,5.73,normal
ORD-00454,21.009945,105.843697,2025-02-07T16:45:00,2.21,express
ORD-00455,21.014114,105.819469,2025-03-18T22:52:00,7.93,normal
ORD-00456,21.026898,105.843638,2025-05-23T21:06:00,3.86,normal
ORD-00457,21.007793,105.81985,2025-02-26T18:12:00,6.64,express
ORD-00458,21.020785,105.846127,2025-01-22T22:58:00,6.56,normal
ORD-00459,21.027935,105.823933,2025-06-16T04:51:00,1.29,express
ORD-00460,21.007818,105.846268,2025-01-13T19:59:00,4.72,express
ORD-00461,21.016411,105.829482,2025-04-20T19:22:00,1.95,normal
ORD-00462,21.011325,105.83138,2025-02-08T15:39:00,5.07,normal
ORD-00463,21.019887,105.832967,2025-05-22T05:03:00,0.98,express
ORD-00464,21.008156,105.823984,2025-05-15T21:40:00,7.95,normal
ORD-00465,21.027756,105.841457,2025-04-03T05:34:00,6.32,express
ORD-00466,21.025992,105.833072,2025-04-10T22:11:00,0.5,normal
ORD-00467,21.005674,105.842321,2025-03-13T15:51:00,7.93,express
ORD-00468,21.022637,105.847988,2025-02-10T17:15:00,5.36,express
ORD-00469,21.017275,105.841737,2025-01-15T21:36:00,6.82,express
ORD-00470,21.013161,105.843177,2025-02-14T19:15:00,4.86,express
ORD-00471,21.026022,105.818846,2025-06-30T01:36:00,4.64,normal
ORD-00472,21.024244,105.842312,2025-05-07T23:11:00,4.08,normal
ORD-00473,21.006292,105.83605,2025-01-07T06:30:00,0.31,normal
ORD-00474,21.023548,105.828223,2025-02-16T00:03:00,0.47,normal
ORD-00475,21.02281,105.843394,2025-04-04T16:23:00,5.72,express
ORD-00476,21.018478,105.828097,2025-03-24T18:10:00,5.94,express
ORD-00477,21.023212,105.84682,2025-06-17T00:11:00,5.75,express
ORD-00478,21.010134,105.835669,2025-02-15T02:19:00,5.95,express
ORD-00479,21.007929,105.839865,2025-06-30T02:54:00,7.96,normal
ORD-00480,21.009188,105.827547,2025-06-06T21:40:00,4.65,express
ORD-00481,21.008235,105.84036,2025-03-03T01:20:00,1.59,normal
ORD-00482,21.023898,105.838101,2025-03-28T04:00:00,2.34,normal
ORD-00483,21.020943,105.828514,2025-01-28T14:03:00,3.27,express
ORD-00484,21.027289,105.844537,2025-05-08T02:22:00,4.5,normal
ORD-00485,21.024063,105.841662,2025-05-28T21:10:00,3.77,normal
ORD-00486,21.011783,105.827562,2025-01-27T16:21:00,1.61,express
ORD-00487,21.008701,105.82025,2025-01-25T00:38:00,7.89,express
ORD-00488,21.021204,105.83094,2025-06-17T19:38:00,7.15,normal
ORD-00489,21.006232,105.827933,2025-02-19T03:44:00,4.57,express
ORD-00490,21.020194,105.826922,2025-01-25T15:25:00,4.7,express
ORD-00491,21.008533,105.828825,2025-04-20T16:18:00,6.64,express
ORD-00492,21.009593,105.818772,2025-02-13T23:05:00,3.95,normal
ORD-00493,21.012092,105.829924,2025-05-06T22:05:00,5.24,express
ORD-00494,21.009252,105.844565,2025-04-05T19:28:00,0.64,express
ORD-00495,21.015696,105.824787,2025-03-10T15:09:00,6.09,normal
ORD-00496,21.006971,105.828314,2025-05-20T03:48:00,4.84,normal
ORD-00497,21.024338,105.842552,2025-04-19T05:36:00,7.09,express
ORD-00498,21.011874,105.829844,2025-01-10T06:36:00,7.23,normal
ORD-00499,21.007766,105.840716,2025-02-14T19:13:00,6.53,normal
ORD-00500,21.005982,105.820351,2025-06-25T03:12:00,7.98,normal
ORD-00501,21.024184,105.825737,2025-01-18T16:24:00,4.58,express
ORD-00502,21.024702,105.833591,2025-01-05T06:50:00,3.53,express
ORD-00503,21.008442,105.834998,2025-05-30T17:59:00,1.11,normal
ORD-00504,21.023072,105.844024,2025-03-31T03:16:00,3.25,express
ORD-00505,21.018157,105.832191,2025-02-14T22:25:00,1.41,express
ORD-00506,21.005892,105.844687,2025-03-26T21:03:00,6.04,express
ORD-00507,21.025632,105.818607,2025-03-19T23:17:00,6.79,normal
ORD-00508,21.027367,105.824839,2025-03-19T04:49:00,6.66,express
ORD-00509,21.021762,105.836149,2025-01-23T20:28:00,1.93,express
ORD-00510,21.022042,105.840785,2025-04-06T15:32:00,6.39,normal
ORD-00511,21.012156,105.833204,2025-02-05T06:56:00,4.68,normal
ORD-00512,21.009434,105.842988,2025-01-15T21:02:00,3.81,express
ORD-00513,21.021207,105.826219,2025-04-30T06:25:00,5.19,normal
ORD-00514,21.020667,105.825258,2025-05-07T04:11:00,7.7,express
ORD-00515,21.018498,105.828493,2025-02-11T22:47:00,6.7,normal
ORD-00516,21.011557,105.829597,2025-02-11T20:54:00,2.0,normal
ORD-00517,21.020587,105.826073,2025-04-16T06:01:00,6.96,normal
ORD-00518,21.015904,105.821969,2025-02-14T14:14:00,2.24,express
ORD-00519,21.021393,105.839281,2025-03-13T03:57:00,3.2,express
ORD-00520,21.015557,105.824546,2025-03-20T06:52:00,5.1,normal
ORD-00521,21.005169,105.847983,2025-04-06T23:19:00,5.57,express
ORD-00522,21.006468,105.847651,2025-06-14T00:55:00,2.43,express
ORD-00523,21.009332,105.833519,2025-03-03T15:51:00,6.9,express
ORD-00524,21.020192,105.838423,2025-01-08T05:18:00,2.3,express
ORD-00525,21.014306,105.840102,2025-05-30T20:21:00,5.89,normal
ORD-00526,21.020785,105.837149,2025-05-03T01:32:00,2.61,normal
ORD-00527,21.024335,105.844295,2025-02-16T23:06:00,3.93,express
ORD-00528,21.021679,105.834771,2025-02-17T00:41:00,0.99,express
ORD-00529,21.010137,105.844143,2025-04-19T00:23:00,2.31,express
ORD-00530,21.015666,105.821533,2025-01-14T16:30:00,7.15,normal
ORD-00531,21.024952,105.82945,2025-03-19T03:03:00,7.01,normal
ORD-00532,21.008159,105.824009,2025-04-16T04:09:00,2.74,normal
ORD-00533,21.022916,105.832627,2025-06-11T19:20:00,5.19,normal
ORD-00534,21.015397,105.824281,2025-02-13T19:31:00,6.35,normal
ORD-00535,21.007976,105.831011,2025-04-21T02:27:00,7.73,express
ORD-00536,21.005107,105.834013,2025-04-06T14:57:00,2.78,normal
ORD-00537,21.005412,105.818124,2025-03-05T21:44:00,7.05,express
ORD-00538,21.007965,105.829507,2025-05-31T23:10:00,0.8,normal
ORD-00539,21.011859,105.826725,2025-05-15T06:21:00,3.64,normal
ORD-00540,21.012883,105.845042,2025-04-02T20:10:00,7.6,express
ORD-00541,21.00544,105.82473,2025-02-03T20:46:00,0.47,normal
ORD-00542,21.007833,105.839333,2025-01-11T02:56:00,5.23,normal
ORD-00543,21.01866,105.819439,2025-01-28T14:03:00,5.61,express
ORD-00544,21.015219,105.821708,2025-03-07T05:44:00,1.48,normal
ORD-00545,21.011926,105.83785,2025-06-20T06:17:00,5.1,normal
ORD-00546,21.014633,105.844959,2025-05-11T17:18:00,1.18,normal
ORD-00547,21.016448,105.83627,2025-03-10T06:12:00,3.06,express
ORD-00548,21.011793,105.819182,2025-05-08T20:44:00,7.49,express
ORD-00549,21.010394,105.818382,2025-01-23T17:53:00,4.72,express
ORD-00550,21.00843,105.820702,2025-05-11T16:46:00,5.87,express
ORD-00551,21.01982,105.831703,2025-03-17T22:29:00,0.69,normal
ORD-00552,21.025105,105.843567,2025-04-04T00:27:00,5.99,normal
ORD-00553,21.024579,105.844709,2025-01-03T18:42:00,5.28,express
ORD-00554,21.013223,105.831131,2025-06-09T22:56:00,5.94,express
ORD-00555,21.023744,105.823486,2025-04-14T02:29:00,2.39,express
ORD-00556,21.020868,105.832347,2025-04-18T19:07:00,1.32,normal
ORD-00557,21.027576,105.84333,2025-01-28T03:58:00,4.85,express
ORD-00558,21.009169,105.829393,2025-04-02T14:55:00,5.57,normal
ORD-00559,21.016111,105.832644,2025-04-17T04:02:00,0.79,express
ORD-00560,21.005284,105.84405,2025-05-15T21:42:00,7.02,normal
ORD-00561,21.014956,105.8398,2025-05-05T01:42:00,5.51,express
ORD-00562,21.008419,105.842793,2025-06-06T15:00:00,5.25,normal
ORD-00563,21.016628,105.832079,2025-05-07T19:04:00,6.09,express
ORD-00564,21.010541,105.847104,2025-01-14T06:14:00,4.54,express
ORD-00565,21.014275,105.82505,2025-04-29T04:51:00,4.71,normal
ORD-00566,21.024702,105.831412,2025-02-01T05:47:00,5.33,normal
ORD-00567,21.014279,105.819075,2025-05-21T14:52:00,1.0,express
ORD-00568,21.025473,105.83487,2025-06-18T04:21:00,3.1,normal
ORD-00569,21.023782,105.84333,2025-03-27T05:45:00,5.36,express
ORD-00570,21.007623,105.84078,2025-02-26T14:21:00,3.03,express
ORD-00571,21.017597,105.829217,2025-01-28T15:57:00,1.56,normal
ORD-00572,21.023902,105.840275,2025-04-15T17:16:00,5.0,normal
ORD-00573,21.007777,105.843566,2025-02-26T04:52:00,6.32,express
ORD-00574,21.007479,105.830434,2025-06-12T17:49:00,7.17,express
ORD-00575,21.020145,105.846686,2025-02-05T05:00:00,4.38,normal
ORD-00576,21.017724,105.830984,2025-05-31T05:59:00,4.21,normal
ORD-00577,21.020912,105.82321,2025-02-02T17:24:00,5.36,express
ORD-00578,21.016595,105.82954,2025-06-05T21:17:00,3.36,express
ORD-00579,21.027321,105.831585,2025-02-04T18:26:00,4.94,express
ORD-00580,21.024391,105.834434,2025-03-22T20:12:00,1.91,express
ORD-00581,21.020792,105.845636,2025-02-03T19:32:00,4.48,express
ORD-00582,21.021338,105.840823,2025-05-25T05:37:00,4.69,express
ORD-00583,21.020508,105.844816,2025-05-17T23:56:00,6.82,normal
ORD-00584,21.017023,105.818758,2025-02-07T15:42:00,0.74,express
ORD-00585,21.022254,105.822828,2025-03-15T22:09:00,6.76,express
ORD-00586,21.009692,105.834235,2025-04-03T04:06:00,5.04,normal
ORD-00587,21.022075,105.834838,2025-03-03T06:50:00,6.44,express
ORD-00588,21.020938,105.819409,2025-04-09T02:26:00,7.67,express
ORD-00589,21.027214,105.819614,2025-03-06T20:39:00,6.99,express
ORD-00590,21.02409,105.845345,2025-07-01T01:48:00,4.83,normal
ORD-00591,21.022851,105.846929,2025-03-18T04:11:00,7.87,normal
ORD-00592,21.0093,105.823214,2025-05-12T17:24:00,0.61,express
ORD-00593,21.017802,105.821902,2025-05-30T22:00:00,2.85,normal
ORD-00594,21.005919,105.845859,2025-06-02T15:49:00,7.48,express
ORD-00595,21.016283,105.83518,2025-04-02T16:50:00,5.75,normal
ORD-00596,21.027011,105.833618,2025-05-10T19:26:00,4.48,express
ORD-00597,21.007115,105.824636,2025-02-25T00:21:00,3.08,normal
ORD-00598,21.026857,105.836548,2025-05-02T14:07:00,5.45,express
ORD-00599,21.010528,105.837268,2025-06-09T21:02:00,5.56,express
ORD-00600,21.013772,105.841886,2025-01-31T02:16:00,4.46,express
ORD-00601,21.005568,105.833506,2025-04-07T06:51:00,4.22,express
ORD-00602,21.006009,105.844948,2025-02-20T00:32:00,0.93,normal
ORD-00603,21.00885,105.846688,2025-05-18T14:40:00,0.8,normal
ORD-00604,21.024894,105.830726,2025-01-27T20:34:00,6.68,express
ORD-00605,21.019871,105.846193,2025-06-25T18:01:00,3.84,express
ORD-00606,21.005871,105.820197,2025-02-15T22:35:00,0.84,normal
ORD-00607,21.025953,105.830229,2025-04-27T02:27:00,2.74,express
ORD-00608,21.020486,105.834045,2025-06-14T16:48:00,6.04,normal
ORD-00609,21.02112,105.820178,2025-05-09T17:18:00,6.36,express
ORD-00610,21.018951,105.826446,2025-04-24T02:25:00,6.63,normal
ORD-00611,21.015902,105.834004,2025-02-05T02:50:00,6.44,express
ORD-00612,21.027083,105.822322,2025-06-24T01:00:00,4.56,normal
ORD-00613,21.007834,105.818151,2025-06-03T02:34:00,4.52,normal
ORD-00614,21.012008,105.840449,2025-03-30T20:26:00,7.27,normal
ORD-00615,21.008702,105.824624,2025-03-06T20:07:00,1.7,normal
ORD-00616,21.024582,105.845971,2025-05-22T04:41:00,4.53,express
ORD-00617,21.020449,105.825521,2025-02-21T05:21:00,3.05,normal
ORD-00618,21.007301,105.836585,2025-02-20T00:31:00,3.77,express
ORD-00619,21.02095,105.822572,2025-05-27T01:51:00,2.74,express
ORD-00620,21.008879,105.827396,2025-02-27T03:17:00,6.77,normal
ORD-00621,21.02063,105.827947,2025-05-04T04:28:00,3.06,express
ORD-00622,21.0162,105.821265,2025-06-15T16:53:00,2.46,normal
ORD-00623,21.0255,105.823893,2025-06-10T16:46:00,0.88,normal
ORD-00624,21.024541,105.836949,2025-05-30T02:49:00,4.84,normal
ORD-00625,21.017687,105.834304,2025-05-20T05:41:00,6.27,express
ORD-00626,21.014027,105.844743,2025-05-31T23:08:00,3.88,normal
ORD-00627,21.014126,105.833065,2025-06-19T21:54:00,7.72,normal
ORD-00628,21.022416,105.822211,2025-02-10T19:36:00,7.61,normal
ORD-00629,21.021926,105.832505,2025-04-02T15:14:00,6.16,normal
ORD-00630,21.006446,105.829083,2025-01-11T20:33:00,7.29,express
ORD-00631,21.013926,105.845537,2025-01-12T15:41:00,2.8,express
ORD-00632,21.024202,105.825899,2025-05-20T19:24:00,5.33,express
ORD-00633,21.018517,105.844947,2025-01-21T06:16:00,3.2,normal
ORD-00634,21.016877,105.828587,2025-03-31T05:50:00,4.01,normal
ORD-00635,21.016542,105.822169,2025-02-12T21:04:00,4.26,express
ORD-00636,21.009865,105.823607,2025-04-03T17:42:00,2.07,express
ORD-00637,21.021566,105.832445,2025-05-04T05:13:00,4.85,express
ORD-00638,21.005516,105.819294,2025-05-27T19:08:00,5.15,normal
ORD-00639,21.025488,105.822406,2025-02-12T22:59:00,1.69,express
ORD-00640,21.018785,105.834908,2025-01-05T23:05:00,1.97,express
ORD-00641,21.024948,105.823117,2025-04-16T18:50:00,4.79,normal
ORD-00642,21.019334,105.833324,2025-02-13T00:59:00,3.79,normal
ORD-00643,21.010286,105.829564,2025-01-28T14:12:00,4.32,express
ORD-00644,21.02401,105.836165,2025-02-16T05:57:00,5.03,normal
ORD-00645,21.025188,105.833943,2025-01-31T16:30:00,5.38,normal
ORD-00646,21.02563,105.841246,2025-06-17T03:33:00,3.54,normal
ORD-00647,21.021046,105.830869,2025-05-05T02:22:00,4.84,normal
ORD-00648,21.014786,105.825636,2025-03-01T16:18:00,4.91,express
ORD-00649,21.01093,105.818164,2025-01-03T06:07:00,4.3,express
ORD-00650,21.020055,105.838633,2025-03-23T03:23:00,1.12,express
ORD-00651,21.019986,105.825609,2025-05-19T03:36:00,3.12,express
ORD-00652,21.027811,105.829924,2025-02-23T03:35:00,6.34,express
ORD-00653,21.009111,105.834773,2025-05-04T22:19:00,4.75,express
ORD-00654,21.021923,105.84365,2025-06-18T17:47:00,2.07,normal
ORD-00655,21.007306,105.83325,2025-03-28T15:10:00,3.3,normal
ORD-00656,21.0235,105.842698,2025-05-02T03:05:00,0.79,normal
ORD-00657,21.013529,105.836271,2025-04-10T02:39:00,5.35,express
ORD-00658,21.021367,105.835924,2025-02-15T05:28:00,0.38,express
ORD-00659,21.009479,105.841519,2025-05-12T06:44:00,2.08,normal
ORD-00660,21.020503,105.828792,2025-06-17T14:10:00,0.97,express
ORD-00661,21.022932,105.828594,2025-04-13T02:37:00,1.84,normal
ORD-00662,21.021949,105.820059,2025-01-24T23:46:00,6.69,express
ORD-00663,21.012992,105.842465,2025-02-27T20:29:00,7.46,normal
ORD-00664,21.011005,105.830214,2025-01-28T16:32:00,2.57,normal
ORD-00665,21.023468,105.846701,2025-05-18T22:44:00,3.71,express
ORD-00666,21.017953,105.841099,2025-03-29T04:43:00,3.85,normal
ORD-00667,21.016085,105.825735,2025-04-08T21:43:00,5.7,express
ORD-00668,21.014486,105.828593,2025-05-18T14:44:00,6.71,normal
ORD-00669,21.011608,105.829968,2025-03-29T16:35:00,7.47,express
ORD-00670,21.012219,105.824557,2025-05-27T22:11:00,7.59,normal
ORD-00671,21.016477,105.82399,2025-03-03T22:13:00,2.06,normal
ORD-00672,21.024236,105.828681,2025-01-28T17:58:00,0.9,express
ORD-00673,21.019118,105.840927,2025-05-19T15:54:00,4.01,express
ORD-00674,21.016324,105.847561,2025-05-28T22:31:00,1.71,express
ORD-00675,21.014151,105.840505,2025-02-02T15:33:00,6.45,express
ORD-00676,21.026612,105.818977,2025-03-31T02:55:00,5.58,normal
ORD-00677,21.015516,105.821611,2025-05-14T04:20:00,5.61,normal
ORD-00678,21.020504,105.829383,2025-01-27T00:23:00,5.02,express
ORD-00679,21.009305,105.825885,2025-03-11T05:39:00,2.94,normal
ORD-00680,21.016472,105.824316,2025-06-30T01:23:00,6.88,express
ORD-00681,21.015367,105.835142,2025-05-28T21:52:00,1.07,express
ORD-00682,21.023494,105.83466,2025-04-08T20:09:00,6.46,normal
ORD-00683,21.015879,105.818292,2025-04-19T05:08:00,7.97,express
ORD-00684,21.023063,105.827001,2025-05-24T15:25:00,1.06,normal
ORD-00685,21.006381,105.842415,2025-05-02T17:28:00,6.03,express
ORD-00686,21.013302,105.834811,2025-03-08T01:01:00,3.47,express
ORD-00687,21.024949,105.846893,2025-02-20T19:49:00,2.49,express
ORD-00688,21.020483,105.832625,2025-04-25T16:24:00,5.03,express
ORD-00689,21.019529,105.822345,2025-02-13T00:26:00,5.16,express
ORD-00690,21.024525,105.82014,2025-02-12T00:14:00,2.71,express
ORD-00691,21.02134,105.836162,2025-04-12T22:56:00,3.73,express
ORD-00692,21.022202,105.833628,2025-04-27T03:10:00,1.72,normal
ORD-00693,21.007876,105.825039,2025-03-06T16:13:00,1.59,normal
ORD-00694,21.007198,105.846104,2025-05-02T15:01:00,6.24,normal
ORD-00695,21.00739,105.836543,2025-01-23T02:19:00,2.07,express
ORD-00696,21.015193,105.821792,2025-05-15T19:01:00,0.57,express
ORD-00697,21.024788,105.827756,2025-05-03T04:55:00,4.46,express
ORD-00698,21.017617,105.822053,2025-06-28T19:37:00,4.9,express
ORD-00699,21.01704,105.837186,2025-03-22T01:30:00,4.46,normal
ORD-00700,21.015163,105.828973,2025-03-08T18:19:00,0.38,normal
ORD-00701,21.012909,105.832076,2025-01-04T05:48:00,3.97,normal
ORD-00702,21.022615,105.841939,2025-06-02T21:50:00,0.36,express
ORD-00703,21.009337,105.844465,2025-04-23T02:15:00,1.56,express
ORD-00704,21.024054,105.824618,2025-01-22T03:40:00,2.14,express
ORD-00705,21.011548,105.840288,2025-03-11T03:12:00,6.87,normal
ORD-00706,21.008142,105.821311,2025-04-28T04:17:00,5.69,express
ORD-00707,21.009319,105.818582,2025-01-13T14:11:00,7.79,express
ORD-00708,21.011191,105.839456,2025-01-03T21:05:00,1.46,express
ORD-00709,21.009995,105.830607,2025-05-09T01:29:00,5.67,normal
ORD-00710,21.012596,105.843306,2025-02-07T15:17:00,6.27,normal
ORD-00711,21.017493,105.823448,2025-03-07T02:53:00,0.4,normal
ORD-00712,21.01385,105.847249,2025-03-05T15:12:00,3.85,normal
ORD-00713,21.016986,105.847463,2025-05-03T02:43:00,7.7,express
ORD-00714,21.008648,105.839847,2025-05-22T06:07:00,2.25,express
ORD-00715,21.009571,105.844626,2025-06-20T20:07:00,2.12,express
ORD-00716,21.012464,105.823021,2025-03-12T17:25:00,6.38,normal
ORD-00717,21.027283,105.835432,2025-06-27T05:44:00,4.89,express
ORD-00718,21.022728,105.825462,2025-05-08T16:43:00,5.06,normal
ORD-00719,21.006375,105.837337,2025-06-29T17:08:00,4.06,express
ORD-00720,21.027579,105.841657,2025-03-31T04:46:00,1.79,express
ORD-00721,21.013238,105.822042,2025-01-12T05:45:00,3.67,express
ORD-00722,21.017483,105.832703,2025-05-26T19:34:00,2.98,express
ORD-00723,21.011332,105.84294,2025-05-22T19:04:00,4.39,express
ORD-00724,21.0118,105.8259,2025-04-05T04:00:00,6.27,express
ORD-00725,21.021874,105.844488,2025-06-09T01:49:00,5.08,express
ORD-00726,21.021583,105.837749,2025-05-19T02:12:00,4.34,express
ORD-00727,21.022612,105.822624,2025-03-15T00:26:00,5.23,normal
ORD-00728,21.007214,105.837767,2025-01-12T18:11:00,7.03,normal
ORD-00729,21.007462,105.823748,2025-01-10T02:42:00,4.07,express
ORD-00730,21.006129,105.824622,2025-01-19T14:59:00,7.39,express
ORD-00731,21.026353,105.842962,2025-04-30T15:23:00,4.6,express
ORD-00732,21.023907,105.841827,2025-01-15T22:33:00,0.61,normal
ORD-00733,21.024192,105.820338,2025-02-26T06:06:00,1.08,normal
ORD-00734,21.017228,105.823684,2025-05-15T21:36:00,5.12,normal
ORD-00735,21.017844,105.834744,2025-01-29T01:43:00,3.83,express
ORD-00736,21.025305,105.823004,2025-02-17T02:32:00,2.9,normal
ORD-00737,21.01728,105.835997,2025-04-02T00:35:00,7.93,express
ORD-00738,21.024432,105.83037,2025-06-13T03:52:00,5.89,normal
ORD-00739,21.017952,105.824418,2025-05-21T22:23:00,7.7,express
ORD-00740,21.027076,105.818006,2025-01-09T23:38:00,0.43,normal
ORD-00741,21.027848,105.827055,2025-03-18T21:13:00,6.89,normal
ORD-00742,21.022745,105.8463,2025-03-13T06:35:00,4.69,normal
ORD-00743,21.007169,105.831811,2025-02-09T18:16:00,3.13,normal
ORD-00744,21.010359,105.842332,2025-01-25T02:36:00,7.37,normal
ORD-00745,21.021642,105.841787,2025-02-15T05:52:00,7.22,normal
ORD-00746,21.01869,105.827012,2025-05-29T02:05:00,6.31,express
ORD-00747,21.013002,105.842514,2025-04-17T17:55:00,6.23,normal
ORD-00748,21.019579,105.836966,2025-01-14T23:33:00,0.62,normal
ORD-00749,21.012517,105.838933,2025-02-09T15:43:00,5.93,express
ORD-00750,21.027334,105.840585,2025-05-29T06:05:00,2.01,express
ORD-00751,21.023086,105.82244,2025-03-28T16:30:00,4.7,normal
ORD-00752,21.017608,105.825877,2025-04-14T06:27:00,6.26,normal
ORD-00753,21.022527,105.832428,2025-02-21T05:25:00,5.32,normal
ORD-00754,21.017907,105.847912,2025-05-15T21:15:00,0.85,express
ORD-00755,21.012438,105.845724,2025-01-23T17:42:00,3.48,express
ORD-00756,21.013011,105.827622,2025-06-02T14:49:00,2.65,express
ORD-00757,21.019173,105.847705,2025-04-24T18:28:00,0.65,normal
ORD-00758,21.009593,105.829215,2025-01-22T17:47:00,0.72,normal
ORD-00759,21.024981,105.842604,2025-01-05T00:44:00,6.49,express
ORD-00760,21.015351,105.818682,2025-02-23T20:13:00,4.51,express
ORD-00761,21.017622,105.836691,2025-02-06T14:24:00,4.79,normal
ORD-00762,21.010875,105.819803,2025-02-21T22:03:00,3.88,normal
ORD-00763,21.006532,105.837811,2025-06-20T01:55:00,1.13,express
ORD-00764,21.02495,105.837482,2025-03-02T02:32:00,7.82,normal
ORD-00765,21.025789,105.83254,2025-06-02T16:11:00,1.83,express
ORD-00766,21.017896,105.839374,2025-01-11T21:59:00,4.38,express
ORD-00767,21.016268,105.840332,2025-01-06T01:43:00,3.01,express
ORD-00768,21.010433,105.847347,2025-05-09T22:51:00,0.78,express
ORD-00769,21.02521,105.844712,2025-01-08T22:14:00,1.47,express
ORD-00770,21.020109,105.820634,2025-04-09T06:43:00,5.02,normal
ORD-00771,21.014599,105.835187,2025-04-20T23:58:00,4.96,express
ORD-00772,21.017471,105.824203,2025-02-05T20:55:00,1.36,normal
ORD-00773,21.014891,105.84527,2025-02-07T19:20:00,0.82,normal
ORD-00774,21.009235,105.843186,2025-02-07T14:48:00,2.75,express
ORD-00775,21.027108,105.8271,2025-06-13T22:09:00,6.3,normal
ORD-00776,21.008026,105.818786,2025-06-06T22:38:00,4.67,normal
ORD-00777,21.018716,105.824927,2025-01-08T01:05:00,5.6,express
ORD-00778,21.008084,105.843384,2025-05-02T01:11:00,6.86,express
ORD-00779,21.015898,105.822914,2025-02-27T15:26:00,6.19,normal
ORD-00780,21.026285,105.846506,2025-02-26T20:48:00,1.88,normal
ORD-00781,21.026323,105.847569,2025-06-08T05:44:00,2.8,express
ORD-00782,21.025414,105.830827,2025-01-12T02:46:00,2.71,normal
ORD-00783,21.016975,105.831548,2025-01-11T21:33:00,4.44,normal
ORD-00784,21.017827,105.833484,2025-06-11T15:12:00,2.54,express
ORD-00785,21.025341,105.84121,2025-03-16T04:10:00,3.55,normal
ORD-00786,21.020869,105.84511,2025-04-30T04:05:00,5.86,normal
ORD-00787,21.009135,105.835563,2025-06-28T18:25:00,3.48,express
ORD-00788,21.005573,105.83161,2025-02-22T04:05:00,2.23,normal
ORD-00789,21.021523,105.821706,2025-01-31T04:40:00,3.09,express
ORD-00790,21.021718,105.847256,2025-06-06T19:24:00,4.54,normal
ORD-00791,21.02267,105.845368,2025-05-25T18:10:00,6.99,normal
ORD-00792,21.022691,105.819539,2025-03-20T23:46:00,6.22,express
ORD-00793,21.011642,105.823421,2025-02-03T20:00:00,5.09,express
ORD-00794,21.005281,105.832929,2025-05-08T14:38:00,7.1,normal
ORD-00795,21.009988,105.837784,2025-04-28T03:28:00,0.91,normal
ORD-00796,21.010628,105.83442,2025-06-08T20:03:00,1.72,normal
ORD-00797,21.020025,105.819102,2025-01-09T23:21:00,7.39,normal
ORD-00798,21.007504,105.847812,2025-02-11T23:39:00,5.39,normal
ORD-00799,21.027225,105.84048,2025-04-03T15:05:00,6.22,express
ORD-00800,21.013477,105.829368,2025-01-19T03:53:00,4.54,express
ORD-00801,21.015829,105.821661,2025-03-13T00:33:00,3.49,normal
ORD-00802,21.021004,105.836362,2025-01-29T06:05:00,4.02,express
ORD-00803,21.014822,105.843434,2025-03-09T06:36:00,7.96,express
ORD-00804,21.026323,105.836429,2025-05-09T06:46:00,5.17,express
ORD-00805,21.023584,105.84451,2025-03-01T23:12:00,0.31,normal
ORD-00806,21.015692,105.841902,2025-02-24T03:26:00,0.65,express
ORD-00807,21.01789,105.837125,2025-01-03T20:44:00,2.47,normal
ORD-00808,21.012079,105.833201,2025-03-24T14:07:00,5.58,express
ORD-00809,21.014109,105.835068,2025-01-08T19:12:00,2.84,express
ORD-00810,21.026212,105.832373,2025-05-02T15:41:00,1.35,normal
ORD-00811,21.019426,105.844762,2025-05-19T00:29:00,6.34,express
ORD-00812,21.026339,105.819681,2025-05-14T23:36:00,5.88,express
ORD-00813,21.017769,105.818562,2025-05-29T00:51:00,7.35,express
ORD-00814,21.006523,105.822479,2025-01-09T00:24:00,5.12,normal
ORD-00815,21.018133,105.829687,2025-06-02T17:55:00,6.32,express
ORD-00816,21.021221,105.827435,2025-01-09T22:26:00,0.97,normal
ORD-00817,21.013546,105.842884,2025-03-19T20:33:00,2.63,normal
ORD-00818,21.013607,105.819122,2025-02-21T16:28:00,4.2,express
ORD-00819,21.025814,105.822622,2025-03-30T05:46:00,7.03,express
ORD-00820,21.022837,105.822299,2025-01-27T06:43:00,7.94,normal
ORD-00821,21.021665,105.831781,2025-05-14T17:00:00,2.69,normal
ORD-00822,21.020802,105.835829,2025-01-24T00:29:00,7.15,normal
ORD-00823,21.016973,105.83777,2025-03-21T14:36:00,6.14,normal
ORD-00824,21.01238,105.823776,2025-03-13T00:49:00,3.7,normal
ORD-00825,21.011271,105.822725,2025-01-30T14:39:00,4.61,normal
ORD-00826,21.009751,105.82851,2025-03-23T22:09:00,7.56,express
ORD-00827,21.018204,105.823138,2025-03-22T00:34:00,3.72,normal
ORD-00828,21.005667,105.845099,2025-01-13T17:24:00,0.71,express
ORD-00829,21.014014,105.83914,2025-06-02T04:39:00,3.04,express
ORD-00830,21.023801,105.839387,2025-06-21T16:59:00,6.12,express
ORD-00831,21.018059,105.820787,2025-06-29T04:06:00,3.81,express
ORD-00832,21.015823,105.846423,2025-02-06T22:58:00,3.1,normal
ORD-00833,21.021091,105.837955,2025-03-26T04:31:00,0.53,express
ORD-00834,21.007596,105.83236,2025-02-13T23:49:00,2.98,normal
ORD-00835,21.016683,105.830171,2025-01-29T00:35:00,5.3,express
ORD-00836,21.017253,105.830024,2025-04-16T21:39:00,2.18,normal
ORD-00837,21.0274,105.829514,2025-03-29T20:52:00,5.64,express
ORD-00838,21.023039,105.831061,2025-03-29T21:11:00,5.4,normal
ORD-00839,21.022005,105.839357,2025-05-05T17:37:00,4.89,express
ORD-00840,21.017767,105.842661,2025-02-15T23:25:00,0.84,normal
ORD-00841,21.020767,105.835892,2025-04-09T00:31:00,5.27,normal
ORD-00842,21.007082,105.842511,2025-05-29T14:48:00,1.43,normal
ORD-00843,21.015418,105.826745,2025-06-08T04:12:00,1.88,express
ORD-00844,21.011894,105.84183,2025-06-23T23:58:00,7.56,express
ORD-00845,21.021509,105.845454,2025-01-23T14:39:00,7.9,express
ORD-00846,21.024496,105.843575,2025-01-17T01:57:00,4.53,normal
ORD-00847,21.005019,105.834801,2025-04-02T17:55:00,2.47,normal
ORD-00848,21.010411,105.839067,2025-04-12T00:45:00,3.25,express
ORD-00849,21.015009,105.824336,2025-02-15T05:08:00,1.75,express
ORD-00850,21.024397,105.828809,2025-04-17T18:18:00,7.98,normal
ORD-00851,21.008088,105.820152,2025-01-05T18:46:00,7.11,express
ORD-00852,21.027424,105.822073,2025-02-06T03:55:00,3.81,express
ORD-00853,21.019335,105.831632,2025-04-20T04:24:00,3.04,normal
ORD-00854,21.01477,105.818223,2025-05-08T21:45:00,4.16,express
ORD-00855,21.026311,105.835291,2025-01-09T15:36:00,4.02,express
ORD-00856,21.007603,105.832446,2025-06-26T16:09:00,5.92,express
ORD-00857,21.015694,105.820347,2025-06-06T16:15:00,3.94,normal
ORD-00858,21.020734,105.834176,2025-05-29T23:39:00,0.71,express
ORD-00859,21.017306,105.818324,2025-04-28T06:57:00,3.91,express
ORD-00860,21.014683,105.846817,2025-03-17T23:10:00,0.57,express
ORD-00861,21.02172,105.834911,2025-01-17T05:37:00,1.6,normal
ORD-00862,21.020095,105.826753,2025-06-09T14:18:00,4.03,normal
ORD-00863,21.016629,105.843543,2025-03-13T22:08:00,5.04,express
ORD-00864,21.024731,105.818426,2025-01-29T19:58:00,4.86,normal
ORD-00865,21.020161,105.829093,2025-02-14T22:50:00,5.7,express
ORD-00866,21.009159,105.833822,2025-01-10T00:05:00,7.75,normal
ORD-00867,21.024265,105.840583,2025-04-17T02:15:00,5.39,normal
ORD-00868,21.00985,105.840031,2025-03-30T15:41:00,2.34,normal
ORD-00869,21.006208,105.83192,2025-05-02T23:30:00,6.05,normal
ORD-00870,21.013735,105.839168,2025-05-02T22:09:00,4.38,express
ORD-00871,21.005273,105.845817,2025-04-26T02:43:00,2.73,normal
ORD-00872,21.007239,105.833939,2025-04-02T03:39:00,7.37,express
ORD-00873,21.012704,105.826013,2025-01-26T22:41:00,4.8,express
ORD-00874,21.022782,105.840473,2025-06-22T20:33:00,2.9,normal
ORD-00875,21.012205,105.818317,2025-01-03T16:00:00,3.47,normal
ORD-00876,21.020766,105.828545,2025-03-14T22:12:00,0.56,normal
ORD-00877,21.006308,105.835824,2025-02-25T17:45:00,7.68,normal
ORD-00878,21.024698,105.821897,2025-06-18T19:57:00,1.15,normal
ORD-00879,21.010827,105.832009,2025-01-21T04:59:00,7.96,express
ORD-00880,21.020921,105.838027,2025-03-24T22:10:00,6.31,express
ORD-00881,21.022873,105.829484,2025-03-27T15:16:00,7.66,express
ORD-00882,21.009092,105.820082,2025-02-22T02:11:00,5.27,normal
ORD-00883,21.008309,105.841061,2025-02-25T17:58:00,3.7,express
ORD-00884,21.007376,105.820188,2025-05-27T22:49:00,3.73,express
ORD-00885,21.008424,105.83721,2025-01-11T02:17:00,1.47,express
ORD-00886,21.025806,105.835239,2025-05-13T05:30:00,3.66,normal
ORD-00887,21.017423,105.818099,2025-06-27T05:07:00,4.67,express
ORD-00888,21.012669,105.827085,2025-01-15T16:23:00,4.42,express
ORD-00889,21.006851,105.831789,2025-03-16T20:11:00,4.57,express
ORD-00890,21.020197,105.826966,2025-04-10T17:40:00,5.6,express
ORD-00891,21.006952,105.836984,2025-02-18T18:02:00,1.79,normal
ORD-00892,21.016252,105.81989,2025-05-19T23:31:00,4.41,express
ORD-00893,21.027231,105.818493,2025-03-28T15:21:00,6.37,normal
ORD-00894,21.014327,105.82435,2025-06-18T06:29:00,7.54,normal
ORD-00895,21.022044,105.82499,2025-01-19T15:47:00,1.39,normal
ORD-00896,21.015838,105.845541,2025-01-12T21:44:00,5.3,normal
ORD-00897,21.008962,105.819499,2025-03-20T17:29:00,5.01,normal
ORD-00898,21.023809,105.82119,2025-05-08T21:04:00,6.49,express
ORD-00899,21.012759,105.843077,2025-06-24T02:20:00,1.23,normal
ORD-00900,21.012397,105.846941,2025-02-24T15:37:00,1.64,normal
ORD-00901,21.007777,105.822237,2025-04-17T19:44:00,3.15,normal
ORD-00902,21.015089,105.84577,2025-01-11T18:06:00,6.39,express
ORD-00903,21.022886,105.818469,2025-05-05T16:00:00,0.36,normal
ORD-00904,21.021255,105.835812,2025-03-15T03:44:00,6.52,express
ORD-00905,21.020924,105.824185,2025-06-13T22:33:00,3.77,normal
ORD-00906,21.026576,105.836316,2025-01-10T19:45:00,4.15,normal
ORD-00907,21.019425,105.841477,2025-04-01T03:00:00,4.59,normal
ORD-00908,21.007703,105.833906,2025-01-26T01:55:00,6.16,normal
ORD-00909,21.015677,105.836794,2025-02-23T22:03:00,1.79,normal
ORD-00910,21.020761,105.847057,2025-05-03T05:11:00,1.53,normal
ORD-00911,21.006243,105.828926,2025-02-24T03:16:00,2.87,express
ORD-00912,21.005996,105.840213,2025-05-18T19:10:00,6.35,express
ORD-00913,21.016843,105.820126,2025-03-03T04:37:00,4.76,express
ORD-00914,21.009571,105.838306,2025-03-25T21:49:00,1.15,normal
ORD-00915,21.007255,105.840132,2025-02-22T02:57:00,2.0,express
ORD-00916,21.018457,105.81963,2025-04-22T18:13:00,7.44,express
ORD-00917,21.009095,105.829205,2025-04-28T20:40:00,3.06,express
ORD-00918,21.009651,105.821816,2025-06-27T15:17:00,1.35,express
ORD-00919,21.015547,105.823136,2025-03-29T21:56:00,2.57,normal
ORD-00920,21.02316,105.83714,2025-06-06T19:36:00,7.77,normal
ORD-00921,21.006989,105.843709,2025-05-06T20:37:00,3.95,express
ORD-00922,21.011421,105.839901,2025-03-05T21:20:00,3.64,normal
ORD-00923,21.025512,105.835753,2025-02-08T14:26:00,7.85,normal
ORD-00924,21.027799,105.840004,2025-05-10T15:27:00,4.39,express
ORD-00925,21.023623,105.8389,2025-01-27T04:31:00,2.15,normal
ORD-00926,21.020943,105.830199,2025-02-25T18:22:00,2.58,normal
ORD-00927,21.005366,105.838071,2025-02-12T04:54:00,4.69,normal
ORD-00928,21.027458,105.831913,2025-02-06T02:11:00,6.38,express
ORD-00929,21.019417,105.839117,2025-01-01T16:24:00,7.18,express
ORD-00930,21.017211,105.826898,2025-03-11T20:50:00,5.57,express
ORD-00931,21.021922,105.819644,2025-06-23T01:56:00,0.7,express
ORD-00932,21.013409,105.836574,2025-04-05T01:11:00,5.29,normal
ORD-00933,21.017897,105.841207,2025-02-06T00:15:00,4.46,express
ORD-00934,21.02196,105.840568,2025-06-29T20:48:00,6.04,normal
ORD-00935,21.012371,105.844938,2025-05-10T03:17:00,0.72,express
ORD-00936,21.01294,105.832587,2025-05-15T17:30:00,5.77,express
ORD-00937,21.015396,105.829044,2025-06-22T16:12:00,7.17,express
ORD-00938,21.007008,105.82972,2025-02-15T23:04:00,1.14,express
ORD-00939,21.007577,105.822439,2025-02-08T20:33:00,7.63,normal
ORD-00940,21.011743,105.847087,2025-05-19T18:30:00,2.97,express
ORD-00941,21.021967,105.818644,2025-02-18T16:01:00,7.01,normal
ORD-00942,21.024204,105.833589,2025-03-28T03:37:00,2.94,express
ORD-00943,21.016181,105.837976,2025-05-17T04:29:00,2.64,normal
ORD-00944,21.02566,105.827195,2025-03-08T21:30:00,3.16,express
ORD-00945,21.022704,105.81942,2025-04-01T23:29:00,7.66,normal
ORD-00946,21.021372,105.826557,2025-02-14T18:10:00,2.13,normal
ORD-00947,21.027857,105.835236,2025-04-23T22:23:00,1.72,normal
ORD-00948,21.020308,105.847341,2025-02-08T01:28:00,4.46,normal
ORD-00949,21.017274,105.821645,2025-01-08T02:59:00,4.15,normal
ORD-00950,21.026799,105.845834,2025-02-09T14:47:00,4.51,express
ORD-00951,21.019887,105.826867,2025-03-16T18:51:00,4.65,express
ORD-00952,21.01279,105.821369,2025-05-03T15:08:00,5.52,normal
ORD-00953,21.012086,105.830049,2025-02-27T04:22:00,1.01,normal
ORD-00954,21.018987,105.823854,2025-05-15T21:50:00,7.5,express
ORD-00955,21.009501,105.820508,2025-04-25T16:32:00,3.34,express
ORD-00956,21.012308,105.836152,2025-01-16T01:25:00,1.44,express
ORD-00957,21.013501,105.829185,2025-03-15T01:22:00,2.67,express
ORD-00958,21.025109,105.820628,2025-04-25T03:51:00,3.71,normal
ORD-00959,21.02353,105.847111,2025-04-20T03:08:00,6.73,normal
ORD-00960,21.008304,105.827097,2025-05-16T00:04:00,7.49,express
ORD-00961,21.007034,105.830284,2025-03-12T03:11:00,4.58,normal
ORD-00962,21.009583,105.842969,2025-03-17T05:02:00,6.64,express
ORD-00963,21.024195,105.827117,2025-05-25T04:14:00,0.51,normal
ORD-00964,21.008543,105.827005,2025-06-14T05:07:00,5.33,express
ORD-00965,21.014595,105.832757,2025-06-26T21:01:00,1.22,express
ORD-00966,21.01634,105.847119,2025-06-04T01:37:00,4.0,express
ORD-00967,21.024972,105.83684,2025-05-02T17:23:00,4.25,normal
ORD-00968,21.024441,105.822885,2025-01-15T18:20:00,3.85,normal
ORD-00969,21.01322,105.819587,2025-04-04T03:40:00,7.32,express
ORD-00970,21.00612,105.82675,2025-06-13T16:32:00,1.79,normal
ORD-00971,21.022588,105.835963,2025-02-13T00:55:00,2.73,express
ORD-00972,21.011244,105.838939,2025-04-03T17:34:00,4.77,normal
ORD-00973,21.005297,105.833545,2025-04-07T05:26:00,2.92,normal
ORD-00974,21.007356,105.822637,2025-02-26T20:50:00,7.21,normal
ORD-00975,21.014599,105.845481,2025-01-30T18:59:00,0.43,express
ORD-00976,21.012166,105.828877,2025-04-25T06:48:00,7.77,normal
ORD-00977,21.021328,105.818863,2025-01-31T21:08:00,6.9,normal
ORD-00978,21.020825,105.827223,2025-02-23T18:05:00,3.57,normal
ORD-00979,21.006788,105.841241,2025-04-21T15:12:00,1.13,normal
ORD-00980,21.015789,105.845256,2025-01-12T16:19:00,5.44,normal
ORD-00981,21.022995,105.845603,2025-02-22T20:11:00,5.46,normal
ORD-00982,21.007088,105.843376,2025-03-14T01:22:00,1.54,normal
ORD-00983,21.016613,105.82005,2025-05-29T14:33:00,1.97,normal
ORD-00984,21.027178,105.823153,2025-05-18T14:46:00,1.06,normal
ORD-00985,21.026171,105.843539,2025-05-03T01:44:00,4.84,express
ORD-00986,21.020491,105.82122,2025-04-02T02:27:00,1.95,normal
ORD-00987,21.014374,105.840842,2025-03-22T17:29:00,1.15,normal
ORD-00988,21.016404,105.828838,2025-03-15T15:05:00,2.83,normal
ORD-00989,21.01385,105.831708,2025-03-22T04:14:00,4.57,express
ORD-00990,21.027654,105.830839,2025-01-19T05:43:00,3.13,normal
ORD-00991,21.027971,105.832749,2025-01-28T02:28:00,4.32,normal
ORD-00992,21.007742,105.829844,2025-06-27T17:47:00,7.42,normal
ORD-00993,21.006488,105.847256,2025-03-28T20:38:00,6.8,express
ORD-00994,21.007824,105.843143,2025-05-08T22:48:00,5.79,express
ORD-00995,21.022395,105.84203,2025-04-14T01:30:00,5.43,express
ORD-00996,21.027713,105.833342,2025-02-08T04:06:00,1.24,express
ORD-00997,21.016437,105.836851,2025-02-04T14:06:00,5.98,normal
ORD-00998,21.016457,105.818802,2025-02-16T02:38:00,5.53,normal
ORD-00999,21.011963,105.836697,2025-01-21T06:49:00,4.09,express
ORD-01000,21.009644,105.837863,2025-05-07T06:16:00,4.48,normal
ORD-01001,21.026909,105.818948,2025-04-21T17:24:00,3.77,express
ORD-01002,21.015179,105.819079,2025-02-15T23:56:00,5.74,express
ORD-01003,21.014906,105.827374,2025-04-11T05:48:00,1.14,express
ORD-01004,21.020182,105.838561,2025-05-28T05:30:00,4.63,normal
ORD-01005,21.016654,105.829742,2025-05-08T02:39:00,5.51,express
ORD-01006,21.012371,105.818844,2025-01-12T18:53:00,3.12,normal
ORD-01007,21.022599,105.836755,2025-04-08T17:27:00,2.96,express
ORD-01008,21.014474,105.819693,2025-03-04T21:15:00,5.29,normal
ORD-01009,21.025939,105.819965,2025-03-20T17:21:00,1.61,express
ORD-01010,21.00586,105.837733,2025-04-20T06:57:00,3.54,normal
ORD-01011,21.021007,105.83564,2025-03-24T02:36:00,3.31,normal
ORD-01012,21.023592,105.821002,2025-06-22T20:21:00,4.12,express
ORD-01013,21.008832,105.826986,2025-04-22T20:31:00,5.19,normal
ORD-01014,21.024329,105.834075,2025-03-15T22:03:00,2.59,express
ORD-01015,21.023506,105.836737,2025-01-24T17:37:00,2.89,normal
ORD-01016,21.018028,105.833932,2025-04-20T20:22:00,6.43,express
ORD-01017,21.016607,105.826997,2025-06-20T00:12:00,3.49,express
ORD-01018,21.019374,105.831597,2025-05-21T19:56:00,0.44,normal
ORD-01019,21.018267,105.824389,2025-04-30T22:59:00,5.21,express
ORD-01020,21.026497,105.839798,2025-01-17T06:12:00,3.1,normal
ORD-01021,21.010529,105.840393,2025-03-19T03:26:00,2.75,normal
ORD-01022,21.01958,105.843379,2025-03-10T23:41:00,1.54,normal
ORD-01023,21.014335,105.821407,2025-02-19T14:15:00,6.44,express
ORD-01024,21.015676,105.834795,2025-04-23T03:41:00,7.27,normal
ORD-01025,21.008665,105.822093,2025-03-08T22:42:00,4.54,normal
ORD-01026,21.027167,105.832575,2025-01-06T15:55:00,7.2,express
ORD-01027,21.018837,105.844015,2025-04-16T01:42:00,5.36,normal
ORD-01028,21.014129,105.843194,2025-02-05T21:07:00,4.7,normal
ORD-01029,21.017005,105.842869,2025-05-15T22:31:00,7.11,normal
ORD-01030,21.018796,105.841196,2025-03-23T00:53:00,4.8,express
ORD-01031,21.023534,105.840319,2025-04-19T20:09:00,1.12,normal
ORD-01032,21.027308,105.831184,2025-03-07T15:31:00,4.41,normal
ORD-01033,21.012279,105.830713,2025-06-24T21:17:00,7.07,normal
ORD-01034,21.013349,105.83947,2025-03-20T14:41:00,7.74,normal
ORD-01035,21.024354,105.837867,2025-01-14T21:16:00,4.56,express
ORD-01036,21.019696,105.839019,2025-06-25T17:34:00,6.98,express
ORD-01037,21.013935,105.845294,2025-04-11T22:19:00,0.99,normal
ORD-01038,21.011841,105.843783,2025-02-12T04:40:00,2.74,express
ORD-01039,21.023154,105.826221,2025-01-22T05:30:00,5.97,express
ORD-01040,21.0215,105.844303,2025-01-26T19:44:00,2.31,normal
ORD-01041,21.013093,105.836063,2025-05-22T00:29:00,5.65,normal
ORD-01042,21.019752,105.823512,2025-04-24T18:00:00,3.39,express
ORD-01043,21.012216,105.820467,2025-02-10T21:33:00,5.79,normal
ORD-01044,21.02448,105.838573,2025-03-24T04:30:00,7.03,normal
ORD-01045,21.010996,105.838624,2025-03-25T23:12:00,0.95,express
ORD-01046,21.009183,105.844292,2025-05-27T21:01:00,7.6,normal
ORD-01047,21.025857,105.847224,2025-02-20T22:44:00,6.86,normal
ORD-01048,21.014224,105.830867,2025-03-08T18:05:00,7.68,normal
ORD-01049,21.026787,105.821521,2025-05-16T03:49:00,7.38,express
ORD-01050,21.024027,105.832824,2025-02-27T20:12:00,7.58,express
ORD-01051,21.011623,105.832825,2025-02-04T03:54:00,1.89,normal
ORD-01052,21.02789,105.826489,2025-06-23T20:26:00,1.69,normal
ORD-01053,21.005662,105.847284,2025-03-03T04:58:00,2.21,express
ORD-01054,21.006972,105.832066,2025-03-25T02:43:00,1.93,express
ORD-01055,21.021294,105.840083,2025-03-07T16:06:00,4.59,normal
ORD-01056,21.012656,105.825045,2025-04-01T15:00:00,2.25,express
ORD-01057,21.011958,105.829841,2025-04-05T18:57:00,4.61,normal
ORD-01058,21.010987,105.833112,2025-03-29T04:08:00,0.99,express
ORD-01059,21.008261,105.821505,2025-01-12T18:31:00,7.01,express
ORD-01060,21.0222,105.845787,2025-03-14T22:39:00,6.69,express
ORD-01061,21.01689,105.831073,2025-02-13T00:47:00,7.96,normal
ORD-01062,21.017781,105.845686,2025-06-13T04:03:00,1.75,normal
ORD-01063,21.010287,105.819076,2025-03-08T19:45:00,3.9,normal
ORD-01064,21.02789,105.845816,2025-01-12T04:22:00,7.91,express
ORD-01065,21.015528,105.821375,2025-02-07T17:22:00,1.02,express
ORD-01066,21.009155,105.823049,2025-05-11T22:36:00,7.16,normal
ORD-01067,21.018422,105.847149,2025-05-15T19:26:00,7.39,normal
ORD-01068,21.02267,105.838307,2025-03-26T14:18:00,5.55,normal
ORD-01069,21.014066,105.83571,2025-01-29T00:09:00,0.52,express
ORD-01070,21.024106,105.837786,2025-04-27T22:38:00,5.37,express
ORD-01071,21.027305,105.837685,2025-04-27T00:46:00,8.0,normal
ORD-01072,21.009861,105.81946,2025-06-14T23:20:00,6.45,normal
ORD-01073,21.017585,105.836069,2025-01-25T02:16:00,1.67,express
ORD-01074,21.007051,105.84357,2025-02-12T02:49:00,3.4,normal
ORD-01075,21.007774,105.832725,2025-04-21T23:57:00,5.57,normal
ORD-01076,21.013258,105.820883,2025-04-06T06:12:00,4.07,express
ORD-01077,21.015958,105.834892,2025-04-19T16:48:00,3.55,express
ORD-01078,21.019119,105.831023,2025-04-20T16:02:00,4.25,express
ORD-01079,21.020558,105.837428,2025-02-10T05:33:00,5.15,normal
ORD-01080,21.011686,105.831121,2025-05-03T23:09:00,7.88,express
ORD-01081,21.024355,105.833693,2025-03-17T15:35:00,0.89,normal
ORD-01082,21.016809,105.83332,2025-04-16T17:29:00,5.39,express
ORD-01083,21.013176,105.835567,2025-05-09T14:07:00,6.0,express
ORD-01084,21.00913,105.823466,2025-04-11T15:05:00,3.51,express
ORD-01085,21.012221,105.839723,2025-06-22T04:39:00,6.52,express
ORD-01086,21.027235,105.84414,2025-02-17T20:11:00,0.9,express
ORD-01087,21.025047,105.82119,2025-05-17T14:00:00,3.34,normal
ORD-01088,21.00895,105.832314,2025-06-28T02:55:00,5.36,express
ORD-01089,21.011964,105.842394,2025-06-08T01:44:00,5.49,express
ORD-01090,21.023507,105.820629,2025-02-04T14:12:00,1.16,normal
ORD-01091,21.021009,105.823647,2025-01-07T20:30:00,5.29,normal
ORD-01092,21.015023,105.836782,2025-05-18T20:05:00,2.62,express
ORD-01093,21.008408,105.830656,2025-01-30T19:57:00,1.47,express
ORD-01094,21.027169,105.832145,2025-04-26T21:12:00,2.57,express
ORD-01095,21.006171,105.818236,2025-06-12T03:26:00,6.83,express
ORD-01096,21.005851,105.82999,2025-05-13T05:14:00,5.8,normal
ORD-01097,21.014706,105.827476,2025-01-17T22:57:00,5.29,express
ORD-01098,21.00769,105.836681,2025-06-16T01:28:00,5.67,normal
ORD-01099,21.008711,105.839786,2025-05-02T01:28:00,2.09,normal
ORD-01100,21.018516,105.838549,2025-06-05T04:08:00,7.1,express
ORD-01101,21.027075,105.842992,2025-06-23T01:50:00,3.94,normal
ORD-01102,21.019302,105.826474,2025-01-24T05:08:00,1.63,normal
ORD-01103,21.018932,105.821027,2025-04-18T05:19:00,2.11,normal
ORD-01104,21.027983,105.828764,2025-03-09T01:43:00,1.52,normal
ORD-01105,21.023557,105.828132,2025-01-30T21:07:00,4.63,express
ORD-01106,21.01093,105.82821,2025-04-01T15:49:00,7.06,express
ORD-01107,21.025615,105.843602,2025-05-12T17:45:00,0.69,express
ORD-01108,21.023377,105.846879,2025-01-29T17:50:00,5.0,normal
ORD-01109,21.023943,105.819259,2025-01-27T19:40:00,1.21,normal
ORD-01110,21.025953,105.822711,2025-03-17T04:48:00,4.2,normal
ORD-01111,21.008549,105.828912,2025-02-05T17:54:00,1.85,express
ORD-01112,21.022692,105.818198,2025-05-03T00:18:00,4.19,normal
ORD-01113,21.011118,105.839456,2025-04-18T01:40:00,5.42,normal
ORD-01114,21.022324,105.83389,2025-02-28T18:51:00,3.6,express
ORD-01115,21.025656,105.846555,2025-05-14T01:01:00,3.71,normal
ORD-01116,21.021505,105.83352,2025-01-18T16:21:00,2.72,normal
ORD-01117,21.014984,105.829798,2025-01-10T18:57:00,4.72,express
ORD-01118,21.014644,105.844573,2025-06-29T23:46:00,6.02,express
ORD-01119,21.005182,105.826393,2025-05-16T18:44:00,3.41,normal
ORD-01120,21.025414,105.836731,2025-06-09T04:44:00,2.96,express
ORD-01121,21.022834,105.844429,2025-01-22T15:34:00,2.88,normal
ORD-01122,21.016971,105.834224,2025-02-24T16:32:00,4.55,express
ORD-01123,21.022412,105.822801,2025-01-08T22:15:00,6.71,express
ORD-01124,21.02171,105.847609,2025-01-29T15:53:00,3.17,express
ORD-01125,21.007848,105.840697,2025-02-02T04:19:00,4.71,normal
ORD-01126,21.015422,105.847489,2025-05-29T21:22:00,2.6,normal
ORD-01127,21.02143,105.83359,2025-03-05T17:20:00,4.28,normal
ORD-01128,21.023925,105.828838,2025-01-26T18:45:00,3.58,express
ORD-01129,21.006885,105.819866,2025-02-04T05:13:00,3.74,express
ORD-01130,21.020567,105.830083,2025-05-25T06:49:00,3.34,express
ORD-01131,21.018439,105.837094,2025-04-24T05:46:00,7.79,normal
ORD-01132,21.00832,105.821814,2025-04-28T18:45:00,4.25,normal
ORD-01133,21.020973,105.831663,2025-01-09T19:35:00,3.14,normal
ORD-01134,21.018837,105.830259,2025-02-01T01:36:00,2.53,normal
ORD-01135,21.007708,105.827148,2025-04-06T23:18:00,4.04,normal
ORD-01136,21.008269,105.835689,2025-01-13T23:56:00,2.48,normal
ORD-01137,21.02384,105.832664,2025-02-02T01:04:00,7.0,express
ORD-01138,21.016067,105.827291,2025-04-27T00:50:00,3.21,normal
ORD-01139,21.022525,105.833143,2025-04-29T04:42:00,3.76,express
ORD-01140,21.007054,105.836743,2025-06-10T03:24:00,2.09,express
ORD-01141,21.012797,105.819375,2025-06-22T04:47:00,2.44,normal
ORD-01142,21.024917,105.839216,2025-05-27T23:35:00,5.27,normal
ORD-01143,21.009426,105.836561,2025-05-28T15:36:00,4.32,express
ORD-01144,21.016561,105.81856,2025-06-18T19:01:00,2.42,normal
ORD-01145,21.010642,105.839169,2025-05-30T04:05:00,6.51,express
ORD-01146,21.014241,105.81935,2025-01-07T00:27:00,1.69,normal
ORD-01147,21.024772,105.827521,2025-03-07T16:07:00,7.84,normal
ORD-01148,21.011563,105.82348,2025-01-23T18:19:00,7.63,normal
ORD-01149,21.006355,105.846834,2025-02-16T14:45:00,0.75,express
ORD-01150,21.007271,105.822274,2025-03-24T22:24:00,7.55,normal
ORD-01151,21.006193,105.825189,2025-06-02T21:31:00,4.22,express
ORD-01152,21.026835,105.826079,2025-03-24T04:35:00,3.43,express
ORD-01153,21.005665,105.837006,2025-01-05T22:35:00,7.72,normal
ORD-01154,21.010665,105.834641,2025-02-02T23:36:00,3.43,normal
ORD-01155,21.024464,105.833013,2025-02-07T01:34:00,7.89,normal
ORD-01156,21.017363,105.830713,2025-05-24T04:02:00,0.31,express
ORD-01157,21.027106,105.836622,2025-06-17T19:00:00,0.76,express
ORD-01158,21.011286,105.825527,2025-06-25T02:22:00,6.79,normal
ORD-01159,21.018459,105.83331,2025-01-12T19:47:00,4.41,normal
ORD-01160,21.011915,105.829859,2025-02-01T18:46:00,4.58,express
ORD-01161,21.0252,105.824326,2025-05-11T00:56:00,5.55,express
ORD-01162,21.019609,105.847389,2025-04-26T22:15:00,5.4,express
ORD-01163,21.012857,105.831794,2025-06-04T00:01:00,7.34,normal
ORD-01164,21.019868,105.818061,2025-05-02T14:57:00,0.37,normal
ORD-01165,21.014503,105.844858,2025-07-01T05:48:00,3.32,normal
ORD-01166,21.023108,105.837473,2025-01-20T14:57:00,6.71,express
ORD-01167,21.020462,105.82859,2025-04-08T01:24:00,1.66,normal
ORD-01168,21.00787,105.829114,2025-02-20T04:00:00,2.01,normal
ORD-01169,21.022444,105.838417,2025-04-02T20:05:00,6.59,express
ORD-01170,21.023594,105.824634,2025-05-08T01:02:00,2.46,normal
ORD-01171,21.005164,105.847528,2025-06-14T02:07:00,7.0,express
ORD-01172,21.008921,105.823813,2025-05-25T19:04:00,4.83,normal
ORD-01173,21.007931,105.846007,2025-03-01T06:46:00,6.32,normal
ORD-01174,21.024496,105.818694,2025-06-27T22:43:00,4.61,express
ORD-01175,21.005045,105.830813,2025-06-22T15:54:00,7.53,express
ORD-01176,21.02442,105.830206,2025-02-02T06:29:00,4.12,normal
ORD-01177,21.025327,105.824736,2025-03-14T03:34:00,3.76,normal
ORD-01178,21.014013,105.828041,2025-05-27T14:47:00,2.04,express
ORD-01179,21.027029,105.84551,2025-02-20T19:21:00,2.69,normal
ORD-01180,21.005641,105.830958,2025-01-08T00:53:00,2.23,normal
ORD-01181,21.015892,105.846764,2025-01-15T00:33:00,6.41,normal
ORD-01182,21.022842,105.836587,2025-01-26T04:37:00,1.26,normal
ORD-01183,21.026084,105.829322,2025-06-27T16:50:00,1.28,express
ORD-01184,21.00626,105.836322,2025-04-21T16:06:00,5.52,normal
ORD-01185,21.011783,105.829444,2025-01-26T03:14:00,6.96,normal
ORD-01186,21.015428,105.831926,2025-04-20T17:21:00,5.31,normal
ORD-01187,21.015444,105.827846,2025-02-19T17:06:00,0.39,normal
ORD-01188,21.018636,105.843223,2025-05-27T18:40:00,4.22,express
ORD-01189,21.014683,105.839739,2025-04-24T19:15:00,1.36,normal
ORD-01190,21.006391,105.82735,2025-04-23T06:41:00,6.11,express
ORD-01191,21.018424,105.834234,2025-02-07T18:30:00,2.68,express
ORD-01192,21.011694,105.847108,2025-05-13T18:03:00,2.13,normal
ORD-01193,21.014707,105.823862,2025-02-21T20:50:00,0.83,normal
ORD-01194,21.020361,105.838843,2025-05-01T00:54:00,4.75,express
ORD-01195,21.01917,105.830561,2025-02-11T17:29:00,7.05,normal
ORD-01196,21.016406,105.845599,2025-06-13T21:44:00,2.07,normal
ORD-01197,21.010497,105.840038,2025-03-27T02:13:00,3.38,normal
ORD-01198,21.013345,105.820212,2025-01-08T17:09:00,2.54,normal
ORD-01199,21.019521,105.845381,2025-04-03T15:01:00,1.83,express
ORD-01200,21.009005,105.844561,2025-02-15T00:54:00,4.57,normal
